date,close
2010-01-04,9437.8496
2010-01-05,9657.3799
2010-01-06,9727.3604
2010-01-07,9737.4697
2010-01-08,9776.2100
2010-01-11,9797.0000
2010-01-12,9778.3604
2010-01-13,9784.8496
2010-01-14,9802.4502
2010-01-15,9923.1396
2010-01-19,9954.4102
2010-01-20,9904.7402
2010-01-21,9753.8398
2010-01-22,9774.0703
2010-01-25,9689.2002
2010-01-26,9666.4805
2010-01-27,9603.5498
2010-01-28,9579.8096
2010-01-29,9614.1904
2010-02-01,9591.5000
2010-02-02,9595.2402
2010-02-03,9627.6299
2010-02-04,9769.7305
2010-02-08,9809.9805
2010-02-09,9786.4600
2010-02-10,9733.3604
2010-02-11,9802.7998
2010-02-12,9805.8701
2010-02-16,9769.6797
2010-02-17,9867.0898
2010-02-18,9889.2998
2010-02-19,9902.6201
2010-02-22,9953.0703
2010-02-23,9823.5703
2010-02-24,9686.1797
2010-02-25,9667.1699
2010-02-26,9657.7900
2010-03-01,9498.5596
2010-03-02,9546.3799
2010-03-03,9419.4297
2010-03-04,9511.5303
2010-03-05,9626.2900
2010-03-08,9740.1904
2010-03-09,9787.0303
2010-03-10,9784.9805
2010-03-11,9879.7002
2010-03-12,10025.9902
2010-03-15,10088.4502
2010-03-16,10017.7100
2010-03-17,9981.4805
2010-03-18,10007.8701
2010-03-19,10000.9297
2010-03-22,9963.3496
2010-03-24,10146.2695
2010-03-25,10127.0303
2010-03-26,10137.9297
2010-03-29,10056.4600
2010-03-30,10073.7598
2010-03-31,10178.4297
2010-04-01,10246.7695
2010-04-05,10447.8398
2010-04-06,10419.8203
2010-04-07,10523.0098
2010-04-08,10533.5703
2010-04-09,10586.4600
2010-04-12,10557.1904
2010-04-13,10506.2002
2010-04-14,10570.8799
2010-04-15,10677.4697
2010-04-16,10659.2100
2010-04-19,10669.8799
2010-04-20,10641.5195
2010-04-21,10590.2100
2010-04-22,10615.1504
2010-04-23,10607.0303
2010-04-26,10556.3701
2010-04-27,10556.3799
2010-04-28,10519.0195
2010-04-29,10454.6299
2010-04-30,10428.1201
2010-05-03,10389.4600
2010-05-04,10467.7598
2010-05-05,10561.7402
2010-05-06,10553.1201
2010-05-07,10271.4697
2010-05-10,10288.1396
2010-05-11,10208.8096
2010-05-12,10222.0400
2010-05-13,10279.5195
2010-05-14,10271.7100
2010-05-17,10033.7598
2010-05-18,10082.0400
2010-05-19,10050.0400
2010-05-20,9993.4004
2010-05-21,9871.1602
2010-05-24,9687.4102
2010-05-25,9428.4404
2010-05-26,9611.5498
2010-05-27,9439.9697
2010-05-28,9521.1504
2010-06-01,9294.1797
2010-06-02,9499.0596
2010-06-03,9621.2998
2010-06-04,9636.8799
2010-06-07,9791.6396
2010-06-08,9763.1699
2010-06-09,9678.3799
2010-06-10,9379.7803
2010-06-11,9471.1201
2010-06-14,9229.5996
2010-06-15,9250.5498
2010-06-16,9436.8799
2010-06-17,9676.7100
2010-06-18,9645.7100
2010-06-21,9651.3096
2010-06-22,9682.3203
2010-06-23,9715.3896
2010-06-24,9791.8896
2010-06-25,9796.8496
2010-06-28,9671.5498
2010-06-29,9702.0303
2010-06-30,9721.9102
2010-07-01,9730.9902
2010-07-02,9697.6504
2010-07-06,9575.2002
2010-07-07,9789.6904
2010-07-08,9860.9902
2010-07-09,9974.4004
2010-07-12,9979.0703
2010-07-13,10114.6504
2010-07-14,10187.0000
2010-07-15,10095.7998
2010-07-16,10153.8496
2010-07-19,10201.8496
2010-07-20,10251.5303
2010-07-21,10234.0303
2010-07-22,10228.8604
2010-07-23,10296.0400
2010-07-26,10297.6797
2010-07-27,10386.8203
2010-07-28,10436.2900
2010-07-29,10427.2803
2010-07-30,10519.0195
2010-08-02,10373.5303
2010-08-03,10388.6396
2010-08-04,10390.2695
2010-08-05,10351.7197
2010-08-06,10315.2002
2010-08-09,10026.2002
2010-08-10,9892.3203
2010-08-11,9875.6797
2010-08-12,9792.8096
2010-08-13,9823.3701
2010-08-16,9537.1299
2010-08-17,9677.8799
2010-08-18,9705.0000
2010-08-19,9847.6104
2010-08-20,9860.3496
2010-08-23,9812.0996
2010-08-24,9637.1699
2010-08-25,9553.8096
2010-08-26,9589.3701
2010-08-27,9598.7100
2010-08-30,9516.4199
2010-08-31,9813.0498
2010-09-01,9735.3799
2010-09-02,9762.8896
2010-09-03,9703.0596
2010-09-07,9748.1396
2010-09-08,9891.1299
2010-09-09,9879.3301
2010-09-14,10091.2500
2010-09-15,10046.5703
2010-09-16,10017.1396
2010-09-17,10052.9697
2010-09-20,10063.5801
2010-09-21,9992.5000
2010-09-22,9946.4199
2010-09-23,9866.7998
2010-09-24,9909.4404
2010-09-27,9936.7900
2010-09-28,9981.0703
2010-09-29,10022.2500
2010-09-30,10013.3096
2010-10-01,10042.4404
2010-10-04,10045.0303
2010-10-05,10024.8604
2010-10-06,10029.3604
2010-10-07,10191.6797
2010-10-08,10260.4805
2010-10-11,10322.5498
2010-10-12,10292.3301
2010-10-13,10389.9697
2010-10-14,10409.0195
2010-10-15,10431.8398
2010-10-18,10484.3896
2010-10-19,10464.8896
2010-10-20,10486.0195
2010-10-21,10558.7402
2010-10-22,10652.4805
2010-10-25,10703.7100
2010-10-26,10658.1504
2010-10-27,10704.1602
2010-10-28,10634.9902
2010-10-29,10598.4004
2010-11-01,10538.2695
2010-11-02,10681.8701
2010-11-03,10617.6504
2010-11-04,10702.1904
2010-11-05,10882.0000
2010-11-08,10992.2803
2010-11-10,10941.9404
2010-11-11,10905.2402
2010-11-12,10874.0195
2010-11-15,10909.6504
2010-11-16,10965.9902
2010-11-22,11205.8398
2010-11-23,11171.0898
2010-11-24,11154.8301
2010-11-26,11145.0195
2010-11-29,11163.4297
2010-11-30,11234.7598
2010-12-01,11221.8096
2010-12-02,11343.5498
2010-12-03,11406.6602
2010-12-06,11440.0703
2010-12-07,11431.0098
2010-12-08,11629.9297
2010-12-09,11569.0898
2010-12-10,11620.1504
2010-12-13,11596.6904
2010-12-14,11672.6396
2010-12-15,11786.0898
2010-12-20,11843.6504
2010-12-21,11825.0596
2010-12-22,11848.6201
2010-12-23,11792.8301
2010-12-27,11909.7305
2010-12-28,11848.0498
2010-12-29,11886.0195
2010-12-30,12031.4600
2010-12-31,12022.4600
2011-01-03,11849.4600
2011-01-04,12110.2598
2011-01-05,12140.8398
2011-01-06,12323.4697
2011-01-07,12389.0400
2011-01-10,12306.7002
2011-01-11,12267.2100
2011-01-12,12281.2402
2011-01-13,12459.4404
2011-01-14,12533.5400
2011-01-18,12658.1602
2011-01-19,12577.6104
2011-01-20,12411.8701
2011-01-21,12431.9102
2011-01-24,12370.5898
2011-01-25,12455.7500
2011-01-26,12483.3398
2011-01-27,12477.0000
2011-01-28,12481.4404
2011-01-31,12359.3604
2011-02-01,12273.3799
2011-02-02,12242.3896
2011-02-03,12359.0498
2011-02-04,12414.4102
2011-02-07,12427.3604
2011-02-08,12360.9404
2011-02-09,12299.2803
2011-02-10,12187.4697
2011-02-11,11943.3398
2011-02-14,11946.0898
2011-02-15,12077.8398
2011-02-17,12061.7695
2011-02-18,12041.1504
2011-02-22,11649.3799
2011-02-23,11523.4199
2011-02-24,11539.2598
2011-02-25,11223.5195
2011-02-28,11289.2197
2011-03-01,11608.4297
2011-03-02,11699.1602
2011-03-03,11762.0000
2011-03-04,12000.0303
2011-03-07,11974.5498
2011-03-08,11940.0098
2011-03-09,12128.1504
2011-03-10,12125.7900
2011-03-11,12045.2402
2011-03-14,12045.3799
2011-03-15,11829.2402
2011-03-16,11794.5703
2011-03-17,11858.2695
2011-03-18,11606.6104
2011-03-21,11375.1396
2011-03-22,11488.0596
2011-03-24,11564.2500
2011-03-25,11552.9199
2011-03-28,11583.0303
2011-03-29,11711.4004
2011-03-30,11808.6104
2011-03-31,11809.5400
2011-04-01,11887.1299
2011-04-04,11873.2803
2011-04-05,11901.3701
2011-04-06,11933.1699
2011-04-07,11848.8398
2011-04-08,11905.8604
2011-04-11,11874.0703
2011-04-12,11796.0898
2011-04-13,11734.7197
2011-04-14,11652.5400
2011-04-15,11684.2305
2011-04-18,11674.8301
2011-04-19,11599.2803
2011-04-20,11745.0596
2011-04-21,11923.5898
2011-04-25,11916.0195
2011-04-26,11933.4600
2011-04-27,11947.4404
2011-04-28,11966.6699
2011-04-29,12057.5400
2011-05-02,12035.8896
2011-05-03,11956.8896
2011-05-04,11672.0498
2011-05-05,11906.6904
2011-05-06,11879.9600
2011-05-09,11932.6797
2011-05-10,12012.0195
2011-05-11,12036.3604
2011-05-12,11962.1797
2011-05-13,11967.3398
2011-05-16,11902.1201
2011-05-17,11930.2402
2011-05-18,11884.6104
2011-05-19,11878.8096
2011-05-20,11973.3799
2011-05-23,12030.6396
2011-05-24,12130.5801
2011-05-25,12168.1201
2011-05-26,12198.1201
2011-05-27,12225.5195
2011-05-31,12123.1504
2011-06-01,12264.0596
2011-06-02,12179.8096
2011-06-03,12236.6602
2011-06-06,12211.6504
2011-06-07,12314.9902
2011-06-08,12367.2900
2011-06-09,12330.1396
2011-06-10,12377.7695
2011-06-13,12353.3604
2011-06-14,12337.9404
2011-06-15,12317.1504
2011-06-16,12369.1201
2011-06-17,12361.3096
2011-06-20,12165.9805
2011-06-21,12326.1396
2011-06-22,12369.4102
2011-06-23,12508.4199
2011-06-24,12455.3398
2011-06-27,12464.4902
2011-06-28,12362.4404
2011-06-29,12423.2998
2011-06-30,12496.0303
2011-07-01,12484.1699
2011-07-05,12576.4805
2011-07-06,12533.5498
2011-07-07,12441.4004
2011-07-08,12390.1201
2011-07-11,12291.9004
2011-07-12,12191.7803
2011-07-13,12262.5195
2011-07-14,12267.3301
2011-07-15,12346.5195
2011-07-18,12318.2402
2011-07-19,12443.5400
2011-07-20,12433.1699
2011-07-21,12474.7598
2011-07-22,12476.7695
2011-07-25,12440.0996
2011-07-26,12364.0596
2011-07-27,12265.5303
2011-07-28,12098.0498
2011-07-29,12190.3701
2011-08-01,12253.3896
2011-08-02,12226.3301
2011-08-03,11941.7197
2011-08-04,11846.1602
2011-08-05,11375.0898
2011-08-08,11404.1699
2011-08-09,11034.9199
2011-08-10,11311.2900
2011-08-11,11264.9502
2011-08-12,11262.0400
2011-08-15,11166.0996
2011-08-16,11233.7500
2011-08-17,11269.9502
2011-08-18,11128.5195
2011-08-19,10879.8203
2011-08-22,10894.1504
2011-08-23,10842.2598
2011-08-24,10941.0801
2011-08-25,10901.7598
2011-08-29,10903.8799
2011-08-30,11070.5801
2011-09-06,11319.1504
2011-09-07,11329.7695
2011-09-08,11348.4199
2011-09-09,11286.2100
2011-09-12,11180.6396
2011-09-13,11264.4297
2011-09-14,11297.0195
2011-09-15,11302.2197
2011-09-16,11353.4600
2011-09-19,11356.6396
2011-09-20,11522.8701
2011-09-21,11851.9805
2011-09-22,11690.2305
2011-09-23,11606.8604
2011-09-26,11265.0303
2011-09-27,11531.2402
2011-09-28,11625.6904
2011-09-29,11642.4600
2011-09-30,11761.9697
2011-10-03,11708.2500
2011-10-04,11933.2803
2011-10-05,11868.1699
2011-10-06,11839.0000
2011-10-07,11853.8398
2011-10-10,12092.3203
2011-10-11,12054.8203
2011-10-12,12059.0703
2011-10-13,11966.2900
2011-10-14,11988.0898
2011-10-17,11975.5498
2011-10-18,11912.1904
2011-10-19,11640.4600
2011-10-20,11685.1504
2011-10-21,11525.2500
2011-10-25,11517.2900
2011-10-26,11387.2197
2011-10-27,11283.4902
2011-10-28,11561.6699
2011-10-31,11868.8799
2011-11-01,11762.7197
2011-11-02,11746.0898
2011-11-03,11807.4600
2011-11-04,11957.2998
2011-11-10,11969.0498
2011-11-11,12019.3203
2011-11-14,12008.4805
2011-11-15,11994.0098
2011-11-16,11992.7695
2011-11-17,11913.4199
2011-11-18,11937.8096
2011-11-21,11894.7900
2011-11-22,11767.0000
2011-11-23,11633.9697
2011-11-25,11648.1396
2011-11-28,11494.1504
2011-11-29,11506.9404
2011-11-30,11532.8301
2011-12-01,11557.3701
2011-12-02,11372.2100
2011-12-07,11283.8896
2011-12-08,11392.5703
2011-12-09,11464.6104
2011-12-12,11477.1201
2011-12-13,11278.0195
2011-12-14,11300.9902
2011-12-15,11139.5195
2011-12-16,11028.1396
2011-12-19,11083.0303
2011-12-20,11338.0400
2011-12-21,11268.5498
2011-12-22,11306.0996
2011-12-23,11301.0898
2011-12-27,11311.3799
2011-12-28,11352.5898
2011-12-29,11435.6699
2011-12-30,11347.6602
2012-01-03,11402.0400
2012-01-04,11361.9697
2012-01-05,11187.8799
2012-01-06,11125.3496
2012-01-09,11040.2998
2012-01-10,10933.1797
2012-01-11,10930.4902
2012-01-12,10909.1201
2012-01-13,11014.4600
2012-01-17,11305.1602
2012-01-18,11547.7100
2012-01-19,11515.5898
2012-01-20,11774.6797
2012-01-23,12037.6602
2012-01-24,11991.3799
2012-01-25,11949.7500
2012-01-26,11883.9199
2012-01-27,11960.2100
2012-01-30,11883.0098
2012-01-31,11874.8896
2012-02-01,11930.5498
2012-02-02,11929.7803
2012-02-03,11982.6201
2012-02-06,12136.9199
2012-02-07,12284.6201
2012-02-08,12263.2500
2012-02-09,12213.2402
2012-02-10,12231.5996
2012-02-13,12250.0000
2012-02-14,12261.8496
2012-02-15,12311.0400
2012-02-16,12404.2402
2012-02-17,12495.6797
2012-02-21,12544.4502
2012-02-22,12603.6699
2012-02-23,12515.9199
2012-02-24,12706.5195
2012-02-27,12743.6602
2012-02-28,12739.2197
2012-02-29,12877.8799
2012-03-01,12941.3799
2012-03-02,13088.9697
2012-03-05,13278.3096
2012-03-06,13324.3398
2012-03-07,13244.9502
2012-03-08,13271.3896
2012-03-09,13352.7402
2012-03-12,13382.5400
2012-03-13,13283.6504
2012-03-14,13360.6699
2012-03-15,13451.0703
2012-03-16,13297.1201
2012-03-19,13077.7197
2012-03-20,13303.3301
2012-03-21,13293.1201
2012-03-22,13273.2900
2012-03-26,13286.7305
2012-03-27,13449.7305
2012-03-28,13575.4102
2012-03-29,13559.0996
2012-03-30,13761.7598
2012-04-02,13663.3203
2012-04-03,13700.4697
2012-04-04,13945.2998
2012-04-05,13831.4697
2012-04-09,13864.6797
2012-04-10,13903.1201
2012-04-11,13816.9600
2012-04-12,13693.7402
2012-04-13,13799.4199
2012-04-16,13770.7002
2012-04-17,13764.2197
2012-04-18,13937.9502
2012-04-19,13929.4697
2012-04-20,13936.4805
2012-04-23,14083.4404
2012-04-24,14132.5898
2012-04-25,14217.7402
2012-04-26,14066.0898
2012-04-27,14042.7695
2012-04-30,13990.3799
2012-05-02,14142.5195
2012-05-03,14419.9199
2012-05-04,14612.2803
2012-05-07,14617.9697
2012-05-08,14513.9600
2012-05-09,14613.5898
2012-05-10,14420.1904
2012-05-11,14230.4902
2012-05-14,14228.7695
2012-05-15,14313.6699
2012-05-16,14081.0703
2012-05-17,14063.0801
2012-05-18,13857.7803
2012-05-21,13875.7402
2012-05-22,14142.0801
2012-05-23,14032.8203
2012-05-24,13936.9199
2012-05-25,13925.0596
2012-05-29,14071.8496
2012-05-30,13871.7500
2012-05-31,13786.6201
2012-06-01,13876.9697
2012-06-04,13757.9102
2012-06-05,13708.2305
2012-06-06,13745.7305
2012-06-07,13717.2998
2012-06-08,13558.7002
2012-06-11,13601.4600
2012-06-12,13429.5596
2012-06-13,13368.8896
2012-06-14,13656.2002
2012-06-15,13665.7998
2012-06-18,13754.1299
2012-06-19,13682.9902
2012-06-20,13667.1797
2012-06-21,13600.5996
2012-06-22,13730.8203
2012-06-25,13642.1904
2012-06-26,13656.0400
2012-06-27,13799.1201
2012-06-28,13805.4199
2012-06-29,13801.4102
2012-07-02,14142.9199
2012-07-03,14200.7900
2012-07-05,14170.9102
2012-07-06,14310.1797
2012-07-09,14379.5400
2012-07-10,14374.3301
2012-07-11,14380.4600
2012-07-12,14401.7402
2012-07-13,14332.2900
2012-07-16,14384.5801
2012-07-17,14445.2803
2012-07-18,14596.5898
2012-07-19,14568.2100
2012-07-20,14564.4805
2012-07-23,14527.2500
2012-07-24,14512.0703
2012-07-25,14564.6797
2012-07-26,14553.2900
2012-07-27,14526.4102
2012-07-30,14511.5400
2012-07-31,14577.0000
2012-08-01,14716.8604
2012-08-02,14730.6699
2012-08-03,14676.4297
2012-08-06,14673.7695
2012-08-07,14672.2402
2012-08-08,14744.1396
2012-08-09,14759.5898
2012-08-10,14761.4902
2012-08-13,14911.9697
2012-08-15,14970.9199
2012-08-16,15000.0801
2012-08-23,15080.5498
2012-08-24,15039.1797
2012-08-27,15171.6602
2012-08-28,15234.4805
2012-08-29,15151.3096
2012-08-30,15253.7100
2012-08-31,15391.5801
2012-09-04,15388.1299
2012-09-05,15293.3896
2012-09-06,15188.5303
2012-09-07,15253.9502
2012-09-10,15240.1904
2012-09-11,15214.0195
2012-09-12,15278.4805
2012-09-13,15306.5098
2012-09-14,15449.5996
2012-09-17,15398.6797
2012-09-18,15517.1904
2012-09-19,15588.6602
2012-09-20,15452.6396
2012-09-24,15375.5195
2012-09-25,15373.4600
2012-09-26,15399.4199
2012-09-27,15357.5898
2012-09-28,15444.8203
2012-10-01,15559.9404
2012-10-02,15648.2900
2012-10-03,15712.2100
2012-10-04,15788.9600
2012-10-05,15754.3896
2012-10-08,15652.0098
2012-10-09,15688.2402
2012-10-10,15753.8203
2012-10-11,15845.2998
2012-10-12,15698.3604
2012-10-15,15746.9004
2012-10-16,15674.2998
2012-10-17,15654.6201
2012-10-18,15679.1904
2012-10-19,15792.7500
2012-10-22,15848.6299
2012-10-23,15853.8398
2012-10-24,15865.5303
2012-10-25,15812.7197
2012-10-31,15910.1104
2012-11-01,15962.3701
2012-11-02,16101.5498
2012-11-05,16156.3604
2012-11-06,16051.1396
2012-11-07,16218.0098
2012-11-08,16243.2695
2012-11-12,16213.6797
2012-11-13,16129.7197
2012-11-14,16120.5195
2012-11-15,16143.0703
2012-11-16,16197.7402
2012-11-19,16251.3799
2012-11-20,16251.7900
2012-11-21,16256.9697
2012-11-23,16237.5898
2012-11-26,16270.4805
2012-11-27,16364.7695
2012-11-28,16424.0293
2012-11-29,16527.0801
2012-11-30,16573.8594
2012-12-03,16537.9805
2012-12-04,16650.1504
2012-12-05,16675.6992
2012-12-06,16824.5508
2012-12-07,16807.9102
2012-12-10,16787.5391
2012-12-11,16701.6895
2012-12-12,16744.5996
2012-12-13,16806.5801
2012-12-14,16845.0898
2012-12-17,16801.0195
2012-12-18,16858.6797
2012-12-19,16869.8301
2012-12-20,16908.0195
2012-12-21,16865.3398
2012-12-24,16891.9395
2012-12-26,16927.3398
2012-12-27,16892.3203
2012-12-28,16943.1895
2012-12-31,16905.3301
2013-01-02,16489.9902
2013-01-03,16588.5391
2013-01-04,16648.8398
2013-01-07,16502.6504
2013-01-08,16645.7598
2013-01-09,16742.2207
2013-01-10,16529.9199
2013-01-11,16634.7109
2013-01-14,16633.1797
2013-01-15,16107.8896
2013-01-16,16181.4697
2013-01-17,16291.0898
2013-01-18,16601.7695
2013-01-22,16894.0898
2013-01-23,16908.6699
2013-01-24,17056.3594
2013-01-28,17004.9902
2013-01-29,17172.0391
2013-01-30,17205.2695
2013-01-31,17242.7402
2013-02-01,17266.2305
2013-02-04,17288.0703
2013-02-06,17408.5195
2013-02-07,17383.3203
2013-02-08,17477.9395
2013-02-11,17548.5391
2013-02-12,17611.4004
2013-02-13,17696.4492
2013-02-14,17765.8203
2013-02-15,17797.2207
2013-02-19,17817.7109
2013-02-20,17947.0703
2013-02-21,17921.0195
2013-02-22,18074.2695
2013-02-25,18020.5000
2013-02-26,17894.8906
2013-02-27,18080.9004
2013-02-28,18173.6699
2013-03-01,18185.1895
2013-03-04,18133.1309
2013-03-05,18035.9707
2013-03-06,18000.4492
2013-03-07,17992.9102
2013-03-08,17964.1797
2013-03-11,17522.5605
2013-03-12,17872.8496
2013-03-13,17760.4395
2013-03-14,17740.6895
2013-03-15,17664.8301
2013-03-18,17492.0000
2013-03-19,17693.3691
2013-03-20,17753.9707
2013-03-21,17913.6191
2013-03-22,17963.1094
2013-03-25,17961.9102
2013-03-26,17872.1504
2013-03-27,17897.9004
2013-03-28,17947.7598
2013-04-01,18272.1094
2013-04-02,18345.7402
2013-04-03,18575.8809
2013-04-04,18613.4395
2013-04-05,18636.0293
2013-04-08,18653.0605
2013-04-09,18713.6094
2013-04-10,18723.3496
2013-04-11,18764.5508
2013-04-12,18714.2793
2013-04-15,18524.5000
2013-04-16,18361.8691
2013-04-17,18394.1191
2013-04-18,18614.3594
2013-04-19,18631.2109
2013-04-22,18605.5508
2013-04-23,18647.2891
2013-04-24,18779.6602
2013-04-25,18885.5996
2013-04-26,18917.7109
2013-04-29,18822.8496
2013-04-30,18982.4199
2013-05-02,19034.5293
2013-05-03,19226.6309
2013-05-06,19256.6992
2013-05-07,19262.7402
2013-05-08,19472.5508
2013-05-09,19661.4609
2013-05-10,19916.2695
2013-05-13,20244.8203
2013-05-14,20474.6191
2013-05-15,20566.6895
2013-05-16,20416.5996
2013-05-17,20537.0293
2013-05-20,20814.1406
2013-05-21,21168.0000
2013-05-22,21458.9004
2013-05-23,21342.6504
2013-05-24,21283.7695
2013-05-28,21501.7207
2013-05-29,21441.1191
2013-05-30,21590.6602
2013-05-31,21823.0508
2013-06-03,22080.8496
2013-06-04,22274.5098
2013-06-05,22092.4199
2013-06-06,22276.6992
2013-06-07,22358.9609
2013-06-10,22150.7402
2013-06-11,22209.0703
2013-06-12,22324.5703
2013-06-13,22757.7207
2013-06-14,22541.6406
2013-06-17,22216.4609
2013-06-18,21919.6191
2013-06-19,22135.7207
2013-06-20,22015.0391
2013-06-21,21698.3496
2013-06-24,21048.0801
2013-06-25,21110.3398
2013-06-26,21002.5703
2013-06-27,21015.3398
2013-06-28,21005.6895
2013-07-01,21363.1602
2013-07-02,21644.1699
2013-07-03,21802.8594
2013-07-05,22178.3398
2013-07-08,22365.7207
2013-07-09,22721.2207
2013-07-10,22984.9395
2013-07-11,22747.1309
2013-07-12,23037.3203
2013-07-15,23172.3496
2013-07-16,23160.8906
2013-07-17,22994.7207
2013-07-18,23114.9707
2013-07-19,23428.9297
2013-07-22,23657.8105
2013-07-23,23683.2695
2013-07-24,23776.2207
2013-07-25,23573.6797
2013-07-26,23497.0703
2013-07-29,23315.1504
2013-07-30,23284.8105
2013-07-31,23312.7695
2013-08-01,23091.8594
2013-08-05,22701.3008
2013-08-06,22621.9297
2013-08-07,23237.1895
2013-08-12,23437.9902
2013-08-13,23613.1992
2013-08-15,23687.8906
2013-08-16,23673.3008
2013-08-19,23600.2305
2013-08-20,23487.2305
2013-08-21,23015.2695
2013-08-22,22714.3203
2013-08-23,22714.6797
2013-08-26,22922.2402
2013-08-27,22523.7109
2013-08-28,22236.3301
2013-08-29,22214.7305
2013-08-30,22160.8496
2013-09-03,21808.4805
2013-09-04,21875.8301
2013-09-05,22451.4609
2013-09-06,22765.8691
2013-09-09,22838.8398
2013-09-10,22992.1699
2013-09-11,23231.6797
2013-09-12,23222.2109
2013-09-13,23168.0391
2013-09-16,23242.6797
2013-09-17,23066.5000
2013-09-18,22930.0605
2013-09-19,23456.9805
2013-09-20,23595.6094
2013-09-23,23639.9707
2013-09-24,23088.4902
2013-09-25,23060.9004
2013-09-26,22780.8203
2013-09-27,22387.3105
2013-09-30,21832.6797
2013-10-01,21980.4199
2013-10-02,22189.6699
2013-10-03,22152.3496
2013-10-04,22085.9609
2013-10-07,21864.8496
2013-10-08,22080.4707
2013-10-09,21657.2207
2013-10-10,21674.9805
2013-10-11,21775.3906
2013-10-14,21599.7793
2013-10-21,21754.9492
2013-10-22,22230.4297
2013-10-23,22347.2891
2013-10-24,22360.8496
2013-10-25,22445.5898
2013-10-28,22353.1992
2013-10-29,22276.6504
2013-10-30,22310.5898
2013-10-31,22775.8496
2013-11-01,22649.0898
2013-11-04,22377.8301
2013-11-05,22790.6992
2013-11-06,23165.2109
2013-11-07,23220.2109
2013-11-08,23367.1504
2013-11-11,23381.0801
2013-11-12,23302.4609
2013-11-13,23287.0605
2013-11-18,23611.2402
2013-11-19,23819.4297
2013-11-20,23800.9707
2013-11-21,23784.1797
2013-11-22,23847.5703
2013-11-25,23978.2891
2013-11-26,23798.6992
2013-11-27,23768.3496
2013-11-29,24302.1895
2013-12-02,24401.5703
2013-12-03,24588.4707
2013-12-04,24445.3809
2013-12-05,24800.6895
2013-12-06,24870.5508
2013-12-09,24998.8906
2013-12-10,24878.6797
2013-12-11,24972.9004
2013-12-12,25072.0000
2013-12-13,25256.6895
2013-12-16,25298.3203
2013-12-17,25350.1992
2013-12-18,25524.4609
2013-12-19,25472.6406
2013-12-20,25579.3301
2013-12-23,25417.6309
2013-12-24,25366.6895
2013-12-26,25370.0293
2013-12-27,25258.0508
2013-12-30,25283.9609
2013-12-31,25261.1406
2014-01-02,25962.1797
2014-01-03,26046.7109
2014-01-06,26169.8301
2014-01-07,26259.5703
2014-01-08,26341.0801
2014-01-09,26373.2402
2014-01-10,26488.3203
2014-01-13,26590.6895
2014-01-15,26761.7793
2014-01-16,26730.2402
2014-01-17,26913.8496
2014-01-21,27104.6992
2014-01-22,27015.1191
2014-01-23,27064.3398
2014-01-24,27002.8906
2014-01-27,26670.5996
2014-01-28,26653.7305
2014-01-29,26595.6309
2014-01-30,26607.6406
2014-01-31,26784.3398
2014-02-03,26946.0996
2014-02-04,26751.4492
2014-02-06,26862.5098
2014-02-07,26681.7793
2014-02-10,26255.2109
2014-02-11,26240.4102
2014-02-12,26677.2695
2014-02-13,26541.2598
2014-02-14,26394.1309
2014-02-18,25884.3809
2014-02-19,25686.9297
2014-02-20,25506.8008
2014-02-21,25603.3496
2014-02-24,25773.8105
2014-02-25,25559.6094
2014-02-26,25500.5000
2014-02-27,25478.9297
2014-02-28,25783.2793
2014-03-03,25853.5391
2014-03-04,26209.3809
2014-03-05,26521.9902
2014-03-06,26842.5293
2014-03-07,26892.2305
2014-03-10,27176.2598
2014-03-11,27309.0195
2014-03-12,27115.1992
2014-03-13,27083.1191
2014-03-14,27124.4707
2014-03-17,27229.0996
2014-03-18,27246.9707
2014-03-19,27258.6797
2014-03-20,27148.5195
2014-03-21,26765.4902
2014-03-24,26391.4102
2014-03-25,26670.1406
2014-03-26,26821.9199
2014-03-27,27165.4902
2014-03-28,27116.1309
2014-03-31,27159.9102
2014-04-01,27565.5000
2014-04-02,27932.0195
2014-04-03,28336.3594
2014-04-04,28408.0293
2014-04-07,28578.9609
2014-04-08,28653.3691
2014-04-09,28941.0098
2014-04-10,29250.5391
2014-04-11,29249.4395
2014-04-14,29094.1191
2014-04-15,29095.7695
2014-04-16,29458.1504
2014-04-17,29350.3398
2014-04-21,28878.7695
2014-04-22,29191.8398
2014-04-23,28717.1895
2014-04-24,28786.7402
2014-04-25,28850.0801
2014-04-28,28691.6191
2014-04-29,28436.5898
2014-04-30,28912.9805
2014-05-02,28921.1309
2014-05-05,28629.6309
2014-05-06,28383.1992
2014-05-07,28330.0293
2014-05-08,28511.0195
2014-05-09,28494.5391
2014-05-12,28343.8809
2014-05-13,28411.4902
2014-05-14,28528.1895
2014-05-15,28843.0195
2014-05-16,28883.3301
2014-05-19,28951.3809
2014-05-20,28842.9199
2014-05-21,28760.1191
2014-05-22,28741.5508
2014-05-23,28756.0000
2014-05-27,29048.2109
2014-05-28,28987.3203
2014-05-29,29543.5801
2014-05-30,29737.6895
2014-06-02,29789.8496
2014-06-03,29504.9805
2014-06-04,29452.2305
2014-06-05,29417.1992
2014-06-06,29509.1094
2014-06-09,29472.5195
2014-06-10,29540.7207
2014-06-11,29783.3008
2014-06-12,29766.3809
2014-06-13,29730.8594
2014-06-16,29651.0391
2014-06-17,29324.5996
2014-06-18,29157.9805
2014-06-19,28674.3691
2014-06-20,28691.8398
2014-06-23,28999.0293
2014-06-24,29057.4395
2014-06-25,28981.3398
2014-06-26,29188.5293
2014-06-27,29343.7598
2014-06-30,29652.5293
2014-07-01,29701.5801
2014-07-02,29676.8008
2014-07-03,29697.7891
2014-07-07,29528.9609
2014-07-08,29497.5703
2014-07-09,29477.2891
2014-07-10,29353.1191
2014-07-11,29318.0605
2014-07-14,29705.0703
2014-07-15,29683.9707
2014-07-16,29776.1699
2014-07-17,30177.1094
2014-07-18,30224.8906
2014-07-21,30413.2305
2014-07-22,30402.0898
2014-07-23,30465.4297
2014-07-24,30474.7500
2014-07-28,30314.0703
2014-08-04,29647.8301
2014-08-05,29676.4102
2014-08-06,29382.9707
2014-08-07,29537.0391
2014-08-08,29380.5000
2014-08-11,28071.4102
2014-08-12,28304.5000
2014-08-13,28505.5508
2014-08-15,28917.7500
2014-08-18,28852.1504
2014-08-19,28630.1191
2014-08-20,28664.8398
2014-08-21,28865.2500
2014-08-22,28871.7500
2014-08-25,28519.3398
2014-08-26,28243.5898
2014-08-27,27811.3496
2014-08-28,27774.4297
2014-08-29,28567.7402
2014-09-02,29260.2891
2014-09-03,29595.5508
2014-09-04,29604.3008
2014-09-05,29513.7793
2014-09-08,29585.5996
2014-09-09,29728.9102
2014-09-10,29691.3105
2014-09-11,29858.3691
2014-09-12,30044.8906
2014-09-15,30070.1309
2014-09-16,30180.3008
2014-09-17,30136.5703
2014-09-18,30094.1602
2014-09-19,30015.8008
2014-09-22,29993.8691
2014-09-23,30143.7695
2014-09-24,30095.8008
2014-09-25,29940.2695
2014-09-26,29705.6504
2014-09-29,29383.1309
2014-09-30,29726.3906
2014-10-01,29996.6094
2014-10-02,30071.5801
2014-10-03,30103.2305
2014-10-09,29978.9395
2014-10-10,30158.6309
2014-10-13,30394.4102
2014-10-14,30355.2207
2014-10-15,30120.9902
2014-10-16,29982.4492
2014-10-17,29883.0996
2014-10-20,29711.1191
2014-10-21,29694.2695
2014-10-22,29940.3906
2014-10-23,30025.1309
2014-10-24,30098.4902
2014-10-27,30238.9609
2014-10-28,30225.6191
2014-10-29,30113.2402
2014-10-30,30204.0898
2014-10-31,30376.5293
2014-11-05,30593.3105
2014-11-06,30663.7793
2014-11-07,30930.0391
2014-11-10,31281.8301
2014-11-11,31303.6309
2014-11-12,31629.1992
2014-11-13,31441.8203
2014-11-14,31344.0703
2014-11-17,31702.7891
2014-11-18,32006.4004
2014-11-19,31756.2891
2014-11-20,31239.0391
2014-11-21,31494.8398
2014-11-24,31316.9609
2014-11-25,31223.7402
2014-11-26,31454.4707
2014-11-28,31197.9805
2014-12-01,31299.7207
2014-12-02,31680.7207
2014-12-03,31872.7305
2014-12-04,32090.9297
2014-12-05,32148.7793
2014-12-08,32010.3301
2014-12-09,32084.1602
2014-12-10,31781.6504
2014-12-11,31779.7500
2014-12-12,31589.8203
2014-12-15,31690.0996
2014-12-16,30876.2793
2014-12-17,30667.1406
2014-12-18,30827.4492
2014-12-19,31011.1504
2014-12-22,31491.6191
2014-12-23,31750.3809
2014-12-24,32000.0098
2014-12-26,31993.0098
2014-12-29,31906.7402
2014-12-30,31953.9004
2014-12-31,32131.2793
2015-01-02,32731.6094
2015-01-05,32757.7891
2015-01-06,32668.7305
2015-01-07,32835.9414
2015-01-08,33117.4688
2015-01-09,33324.8203
2015-01-12,33418.1992
2015-01-13,33371.2891
2015-01-14,33585.7500
2015-01-15,33765.6094
2015-01-16,33786.4414
2015-01-20,34121.3008
2015-01-21,34329.5000
2015-01-22,34146.9688
2015-01-23,34026.5898
2015-01-26,34466.5312
2015-01-27,34538.4492
2015-01-28,34386.8594
2015-01-29,34408.7305
2015-01-30,34443.8711
2015-02-02,34676.3086
2015-02-03,34826.5117
2015-02-04,34672.2500
2015-02-05,34672.2500
2015-02-06,34656.9414
2015-02-09,34570.3008
2015-02-10,34432.8906
2015-02-11,34203.9883
2015-02-12,33786.4219
2015-02-13,33943.1992
2015-02-17,33801.1016
2015-02-18,33718.8594
2015-02-19,33942.2695
2015-02-20,33993.0000
2015-02-23,33926.6992
2015-02-24,33895.4609
2015-02-25,33845.3008
2015-02-26,33762.8008
2015-02-27,33632.1914
2015-03-02,33213.5781
2015-03-03,33188.7695
2015-03-04,33242.9414
2015-03-05,33368.8281
2015-03-06,33263.6602
2015-03-09,32860.5703
2015-03-10,32566.5898
2015-03-11,32539.6094
2015-03-12,32582.6797
2015-03-13,32929.0898
2015-03-16,32454.9102
2015-03-17,32342.2598
2015-03-18,31524.9805
2015-03-19,31451.6191
2015-03-20,31800.2598
2015-03-23,31800.2598
2015-03-24,31310.7305
2015-03-25,31086.5098
2015-03-26,30678.9707
2015-03-27,29957.8301
2015-03-30,28927.0391
2015-03-31,30233.8691
2015-04-01,30605.0508
2015-04-02,31132.2500
2015-04-06,31752.1699
2015-04-07,31600.7305
2015-04-08,31887.3008
2015-04-09,32013.9102
2015-04-10,32350.9297
2015-04-13,32248.4492
2015-04-14,32109.8691
2015-04-15,32248.8594
2015-04-16,32736.4297
2015-04-17,33234.7305
2015-04-20,33304.6406
2015-04-21,33035.7695
2015-04-22,33490.6406
2015-04-23,33456.7383
2015-04-24,33775.1211
2015-04-27,33844.2891
2015-04-28,33575.9414
2015-04-29,33460.0117
2015-04-30,33729.9609
2015-05-04,33723.5312
2015-05-05,33533.6406
2015-05-06,33839.2812
2015-05-07,33742.8789
2015-05-08,33530.3008
2015-05-11,32506.3594
2015-05-12,33023.8008
2015-05-13,32915.4414
2015-05-14,33103.7305
2015-05-15,33039.1914
2015-05-18,32886.0586
2015-05-19,32729.5508
2015-05-20,32599.0000
2015-05-21,32617.7402
2015-05-22,32605.6191
2015-05-26,32510.3496
2015-05-27,32842.5898
2015-05-28,32763.4805
2015-05-29,33056.7891
2015-06-01,33563.3789
2015-06-02,33895.3398
2015-06-03,33908.6211
2015-06-04,34085.7383
2015-06-05,34012.4883
2015-06-08,34151.1094
2015-06-09,34270.2812
2015-06-10,34323.8398
2015-06-11,34594.6992
2015-06-12,34651.2891
2015-06-15,34710.2891
2015-06-16,34516.3008
2015-06-17,34482.0000
2015-06-18,34674.6094
2015-06-19,34526.6992
2015-06-22,34278.4219
2015-06-23,34133.8281
2015-06-24,34331.9414
2015-06-25,34077.9219
2015-06-26,33885.1289
2015-06-29,34093.5508
2015-06-30,34398.8594
2015-07-01,34843.6016
2015-07-02,35186.5586
2015-07-06,35502.2812
2015-07-07,35537.6914
2015-07-08,35328.8281
2015-07-09,35147.1289
2015-07-10,35112.2891
2015-07-13,35496.6211
2015-07-14,35446.8906
2015-07-15,35699.7500
2015-07-16,35887.6602
2015-07-22,36056.6797
2015-07-23,35934.9883
2015-07-24,35815.1992
2015-07-27,35175.4883
2015-07-28,35274.6602
2015-07-29,35676.4883
2015-07-30,35730.0117
2015-07-31,35741.5195
2015-08-03,35824.5586
2015-08-04,35921.7109
2015-08-05,36156.8281
2015-08-06,36228.8789
2015-08-07,36222.6289
2015-08-10,36084.6719
2015-08-11,36205.9414
2015-08-12,35892.7695
2015-08-13,35937.3281
2015-08-14,35937.3281
2015-08-17,35588.0508
2015-08-18,35546.0312
2015-08-19,35461.5781
2015-08-20,35219.5898
2015-08-21,34519.7695
2015-08-24,33100.3398
2015-08-25,33798.8008
2015-08-26,33537.4219
2015-08-27,33961.2891
2015-08-28,34447.4688
2015-08-31,34726.5117
2015-09-01,34456.3398
2015-09-02,34309.7617
2015-09-03,34397.3281
2015-09-04,33891.0781
2015-09-08,33474.1719
2015-09-09,33830.3594
2015-09-10,33792.3711
2015-09-11,33672.7188
2015-09-14,33384.7305
2015-09-15,33191.4609
2015-09-16,33345.5586
2015-09-17,33152.0586
2015-09-18,32760.9492
2015-09-21,32826.2383
2015-09-22,32882.0195
2015-09-23,32822.8398
2015-09-24,32822.8398
2015-09-28,32690.0195
2015-09-29,32214.5801
2015-09-30,32287.4102
2015-10-01,32750.3105
2015-10-02,32969.7305
2015-10-05,32784.9414
2015-10-06,33202.8711
2015-10-07,33376.1992
2015-10-08,33469.1484
2015-10-09,33843.1797
2015-10-12,34183.8516
2015-10-13,34031.7812
2015-10-14,33974.8516
2015-10-15,33921.9609
2015-10-16,33954.9805
2015-10-19,33966.7500
2015-10-20,33910.1719
2015-10-21,33943.7383
2015-10-22,33945.3203
2015-10-23,33945.3203
2015-10-26,33860.6406
2015-10-27,33843.8281
2015-10-28,34061.4219
2015-10-29,34332.4297
2015-10-30,34261.6016
2015-11-02,34226.1211
2015-11-03,34275.7500
2015-11-04,34522.9492
2015-11-05,34454.5898
2015-11-06,34426.7500
2015-11-09,34336.4688
2015-11-10,33958.1211
2015-11-11,33934.0391
2015-11-12,34264.5586
2015-11-13,34144.7812
2015-11-16,33946.4102
2015-11-17,34065.8711
2015-11-18,33949.2617
2015-11-19,33908.4414
2015-11-20,33857.0000
2015-11-23,33732.9102
2015-11-24,33571.5898
2015-11-25,33199.8594
2015-11-27,32960.2695
2015-11-30,32255.1992
2015-12-01,31709.3594
2015-12-02,32392.9199
2015-12-03,32565.1406
2015-12-04,32707.9102
2015-12-07,32853.5391
2015-12-08,32791.7109
2015-12-09,33020.2617
2015-12-10,33211.9219
2015-12-11,33048.5117
2015-12-14,32757.8203
2015-12-15,32467.0391
2015-12-16,32714.5996
2015-12-17,33109.5391
2015-12-18,32777.0391
2015-12-21,32658.9707
2015-12-22,32641.0898
2015-12-23,32500.7500
2015-12-28,32674.0391
2015-12-29,32811.8906
2015-12-30,32825.0312
2015-12-31,32816.3086
2016-01-04,33009.1289
2016-01-05,32983.4688
2016-01-06,32968.2617
2016-01-07,32682.5000
2016-01-08,32534.8496
2016-01-11,32320.0508
2016-01-12,32265.6504
2016-01-13,32154.1699
2016-01-14,31441.0195
2016-01-15,31001.4902
2016-01-19,31092.6094
2016-01-20,30766.0098
2016-01-21,30751.8008
2016-01-22,30949.0195
2016-01-25,31065.1309
2016-01-26,31074.3809
2016-01-27,31101.3809
2016-01-28,31193.7305
2016-01-29,31298.5996
2016-02-01,31878.1504
2016-02-02,31960.6094
2016-02-03,32084.0605
2016-02-04,32478.9805
2016-02-08,32706.2207
2016-02-09,32444.1992
2016-02-10,32144.5898
2016-02-11,31820.5391
2016-02-12,31464.1602
2016-02-16,31673.1602
2016-02-17,31469.6992
2016-02-18,31282.4395
2016-02-19,31011.7695
2016-02-22,30677.6797
2016-02-23,30564.5000
2016-02-24,30786.5996
2016-02-25,30802.5293
2016-02-26,31294.0801
2016-02-29,31369.5098
2016-03-01,31509.1094
2016-03-02,31772.9004
2016-03-03,32146.5801
2016-03-04,32441.7402
2016-03-07,33022.6016
2016-03-08,33032.8516
2016-03-09,32957.9805
2016-03-10,32710.5605
2016-03-11,32669.1602
2016-03-14,32738.5605
2016-03-15,32623.0195
2016-03-16,32891.0781
2016-03-17,32957.7500
2016-03-18,33080.3984
2016-03-21,33022.8711
2016-03-22,32928.3008
2016-03-23,32928.3008
2016-03-24,32801.8789
2016-03-28,32904.3203
2016-03-29,32879.6719
2016-03-30,32922.3984
2016-03-31,33139.0000
2016-04-01,33449.6211
2016-04-04,33808.4219
2016-04-05,33766.4883
2016-04-06,33946.3711
2016-04-07,33896.0312
2016-04-08,33967.5391
2016-04-11,33566.2188
2016-04-12,33616.8984
2016-04-13,33646.1016
2016-04-14,33767.5898
2016-04-15,33767.1211
2016-04-18,33759.9688
2016-04-19,33729.6211
2016-04-20,33619.8398
2016-04-21,33572.1289
2016-04-22,33739.5391
2016-04-25,33684.5586
2016-04-26,33847.7383
2016-04-27,34269.2812
2016-04-28,34503.6406
2016-04-29,34719.2891
2016-05-02,34567.5195
2016-05-03,34897.3008
2016-05-04,35317.5586
2016-05-05,35941.4688
2016-05-06,35973.6797
2016-05-09,36234.9883
2016-05-10,36265.1211
2016-05-11,36266.2305
2016-05-12,36048.7617
2016-05-13,36122.4883
2016-05-16,36125.3711
2016-05-17,36137.1211
2016-05-18,36318.2109
2016-05-19,36685.0508
2016-05-20,36693.5000
2016-05-23,36723.3516
2016-05-24,36582.3516
2016-05-25,36499.4297
2016-05-26,36540.9688
2016-05-27,36694.2617
2016-05-31,36061.5586
2016-06-01,36496.1602
2016-06-02,36839.1406
2016-06-03,37223.0000
2016-06-06,37352.2695
2016-06-07,37392.2891
2016-06-08,37426.3906
2016-06-09,37414.2617
2016-06-10,36940.8789
2016-06-13,36979.9609
2016-06-14,37517.7500
2016-06-15,38559.8711
2016-06-16,38751.6016
2016-06-17,38776.9414
2016-06-20,38469.8203
2016-06-21,38415.3086
2016-06-22,38149.2617
2016-06-23,38237.8906
2016-06-24,37389.8789
2016-06-27,37039.5703
2016-06-28,37076.6289
2016-06-29,37786.5703
2016-06-30,37783.5391
2016-07-05,37966.7617
2016-07-06,37966.7617
2016-07-11,38367.9609
2016-07-12,39031.6211
2016-07-13,39049.4609
2016-07-14,39257.0000
2016-07-15,39188.4688
2016-07-18,39253.2500
2016-07-19,39208.8789
2016-07-20,39098.7891
2016-07-21,39306.7891
2016-07-22,39151.7812
2016-07-25,39017.3203
2016-07-26,39147.3281
2016-07-27,39434.9688
2016-07-28,39468.9805
2016-07-29,39505.2812
2016-08-01,39800.6406
2016-08-02,39786.9297
2016-08-03,39615.7617
2016-08-04,39446.6992
2016-08-05,39390.2109
2016-08-08,39476.1719
2016-08-09,39663.7109
2016-08-10,39805.8789
2016-08-11,39861.6016
2016-08-12,39907.6406
2016-08-15,40030.5195
2016-08-16,40050.1719
2016-08-17,40057.5195
2016-08-18,39771.1992
2016-08-19,39499.0781
2016-08-22,39457.9492
2016-08-23,39400.1914
2016-08-24,39506.5781
2016-08-25,39792.1016
2016-08-26,39926.6992
2016-08-29,40023.0195
2016-08-30,39991.7891
2016-08-31,39809.5781
2016-09-01,39738.6719
2016-09-02,39464.6484
2016-09-06,39688.9688
2016-09-07,40084.8711
2016-09-08,40136.9297
2016-09-09,40340.2305
2016-09-12,40340.2305
2016-09-13,40340.2305
2016-09-14,40340.2305
2016-09-15,40216.3516
2016-09-16,40363.6797
2016-09-19,40414.7188
2016-09-20,40340.4609
2016-09-21,39771.4219
2016-09-22,40135.3086
2016-09-23,39781.9492
2016-09-26,40220.7617
2016-09-27,40294.3789
2016-09-28,40355.0195
2016-09-29,40295.5195
2016-09-30,40541.8086
2016-10-03,40986.3086
2016-10-04,41123.9688
2016-10-05,41253.4609
2016-10-06,41252.1719
2016-10-07,41200.4805
2016-10-10,41403.9688
2016-10-11,41403.9688
2016-10-12,41403.9688
2016-10-13,41412.0391
2016-10-14,41464.3086
2016-10-17,41282.7188
2016-10-18,40954.2188
2016-10-19,40924.1406
2016-10-20,41545.9492
2016-10-21,41291.4297
2016-10-24,40852.0312
2016-10-25,40764.7617
2016-10-26,40526.8086
2016-10-27,39987.3086
2016-10-28,39872.8789
2016-10-31,39893.8398
2016-11-01,41299.8711
2016-11-02,41742.7500
2016-11-03,41974.4609
2016-11-04,41841.5586
2016-11-07,42133.5391
2016-11-08,42113.9102
2016-11-09,42203.6289
2016-11-10,42703.9883
2016-11-11,42849.1211
2016-11-14,42525.9297
2016-11-15,42292.6719
2016-11-16,42404.4688
2016-11-17,42411.8008
2016-11-18,42324.9414
2016-11-21,42439.0391
2016-11-22,42631.5781
2016-11-23,42901.0195
2016-11-25,42999.6602
2016-11-28,43060.7109
2016-11-29,42811.2695
2016-11-30,42622.3711
2016-12-01,42907.3594
2016-12-02,43270.8984
2016-12-05,43739.9688
2016-12-06,44199.3984
2016-12-07,44494.9883
2016-12-08,44741.9805
2016-12-09,45387.2305
2016-12-12,45387.2305
2016-12-13,45857.8906
2016-12-14,46185.2695
2016-12-15,46358.3516
2016-12-16,46584.5312
2016-12-19,46938.5898
2016-12-20,47210.0586
2016-12-21,46993.3086
2016-12-22,46699.7812
2016-12-23,46633.9883
2016-12-27,46920.4688
2016-12-28,47424.6289
2016-12-29,47666.6602
2016-12-30,47806.9688
2017-01-03,48827.5508
2017-01-04,48704.9883
2017-01-05,48713.6289
2017-01-06,49038.2305
2017-01-09,49039.4102
2017-01-10,48865.7891
2017-01-11,49371.6016
2017-01-12,49517.0195
2017-01-13,49210.5000
2017-01-17,48678.6484
2017-01-18,48642.2109
2017-01-19,49013.8203
2017-01-20,49364.8281
2017-01-23,49876.1797
2017-01-24,49968.9219
2017-01-25,49756.7695
2017-01-26,50192.3594
2017-01-27,49963.7695
2017-01-30,48972.2383
2017-01-31,48757.6719
2017-02-01,49455.8594
2017-02-02,49665.9688
2017-02-03,49555.8281
2017-02-06,49630.0391
2017-02-07,49859.3906
2017-02-08,49874.9609
2017-02-09,49908.1484
2017-02-10,49925.0781
2017-02-13,49965.6289
2017-02-14,49767.9102
2017-02-15,49214.1484
2017-02-16,49588.3008
2017-02-17,49375.7109
2017-02-21,49015.0898
2017-02-22,48981.6484
2017-02-23,49062.2617
2017-02-24,49007.9883
2017-02-27,48520.7500
2017-02-28,48534.2305
2017-03-01,48992.1602
2017-03-02,49696.0781
2017-03-03,49623.8086
2017-03-06,49434.8906
2017-03-07,49452.7109
2017-03-08,49754.7188
2017-03-09,49392.4414
2017-03-10,49191.7500
2017-03-13,48655.7188
2017-03-14,48539.0586
2017-03-15,48305.8281
2017-03-16,48289.6602
2017-03-17,48409.3516
2017-03-20,48697.6484
2017-03-21,49020.2109
2017-03-22,49016.7891
2017-03-24,48971.0508
2017-03-27,48680.1602
2017-03-28,48523.4102
2017-03-29,48375.6289
2017-03-30,47949.3281
2017-03-31,48155.9297
2017-04-03,48227.7500
2017-04-04,48088.3711
2017-04-05,47577.3086
2017-04-06,47356.6016
2017-04-07,47889.3711
2017-04-10,47942.9492
2017-04-11,48250.0703
2017-04-12,48457.2617
2017-04-13,47950.5781
2017-04-17,47125.1211
2017-04-18,46874.3711
2017-04-19,47603.4805
2017-04-20,48743.5586
2017-04-21,49708.6484
2017-04-24,50111.6719
2017-04-25,49785.1719
2017-04-26,49827.5117
2017-04-27,49481.6992
2017-04-28,49300.8984
2017-05-02,48689.4219
2017-05-03,48605.1406
2017-05-04,49283.6406
2017-05-05,49851.1289
2017-05-08,50935.9102
2017-05-09,51073.1406
2017-05-10,51103.5312
2017-05-11,51426.0117
2017-05-12,51750.9102
2017-05-15,52387.8711
2017-05-16,51813.1914
2017-05-17,51511.4102
2017-05-18,50956.6016
2017-05-19,50742.0312
2017-05-22,51373.5117
2017-05-23,52146.9688
2017-05-24,52876.4609
2017-05-25,52869.0117
2017-05-26,52636.8711
2017-05-30,51453.1602
2017-05-31,50591.5703
2017-06-01,48780.8086
2017-06-02,48555.3008
2017-06-05,50120.9297
2017-06-06,50144.6289
2017-06-07,50162.8086
2017-06-08,49958.3281
2017-06-09,49526.9219
2017-06-12,47671.8008
2017-06-13,48071.0391
2017-06-14,47608.6406
2017-06-15,47442.7305
2017-06-16,46858.5586
2017-06-19,46593.3398
2017-06-20,44914.4414
2017-06-21,45474.4609
2017-06-22,46332.3086
2017-06-29,46711.8516
2017-06-30,46565.2891
2017-07-03,44665.4102
2017-07-05,45413.4219
2017-07-06,44823.1094
2017-07-07,45222.1484
2017-07-10,46273.8086
2017-07-11,44120.5781
2017-07-12,43792.1914
2017-07-13,43783.5508
2017-07-14,44337.4414
2017-07-17,44523.2109
2017-07-18,45636.3594
2017-07-19,45418.6992
2017-07-20,45059.9297
2017-07-21,45294.3906
2017-07-24,45529.1992
2017-07-25,45917.8984
2017-07-26,45908.3906
2017-07-27,45905.7617
2017-07-28,45912.0312
2017-07-31,46010.4492
2017-08-01,46533.4297
2017-08-02,46949.0391
2017-08-03,47084.3398
2017-08-04,46877.3711
2017-08-07,46465.6602
2017-08-08,45979.6992
2017-08-09,45998.8086
2017-08-10,45634.0195
2017-08-11,45288.4883
2017-08-15,43899.4492
2017-08-16,44186.9609
2017-08-17,43136.0586
2017-08-18,43078.3789
2017-08-21,42153.3789
2017-08-22,41983.1602
2017-08-23,42910.7891
2017-08-24,42268.6211
2017-08-25,42641.7500
2017-08-28,41974.2188
2017-08-29,41233.0781
2017-08-30,41323.6484
2017-08-31,41206.9883
2017-09-05,41779.1992
2017-09-06,41389.9883
2017-09-07,40958.6484
2017-09-08,41401.0195
2017-09-11,41126.8281
2017-09-12,41279.3008
2017-09-13,42310.1211
2017-09-14,42683.5703
2017-09-15,42787.1914
2017-09-18,42841.4102
2017-09-19,43253.2617
2017-09-20,43347.0312
2017-09-21,42775.0391
2017-09-22,42750.1914
2017-09-25,42743.6484
2017-09-26,42666.2305
2017-09-27,42290.1484
2017-09-28,42362.8711
2017-09-29,42409.2695
2017-10-02,42018.8984
2017-10-03,41115.7812
2017-10-04,40461.0000
2017-10-05,40468.4883
2017-10-06,41312.5898
2017-10-09,41099.9883
2017-10-10,40610.7188
2017-10-11,40503.6797
2017-10-12,40237.5312
2017-10-13,39846.7812
2017-10-16,40791.3906
2017-10-17,40724.9609
2017-10-18,40733.4492
2017-10-19,41558.0703
2017-10-20,42087.8906
2017-10-23,41483.5391
2017-10-24,41291.6797
2017-10-25,41595.3203
2017-10-26,41409.4883
2017-10-27,41105.3984
2017-10-30,40324.3203
2017-10-31,39617.1914
2017-11-01,40453.6406
2017-11-02,40498.8711
2017-11-03,41064.0000
2017-11-06,41030.7695
2017-11-07,41049.2188
2017-11-08,41259.1602
2017-11-09,41790.1602
2017-11-10,41435.6992
2017-11-13,41239.8906
2017-11-14,40943.7812
2017-11-15,40662.7891
2017-11-16,40813.3086
2017-11-17,40844.3984
2017-11-20,40316.9297
2017-11-21,40548.8281
2017-11-22,40591.8711
2017-11-24,40248.4102
2017-11-27,40032.1719
2017-11-28,39634.1289
2017-11-29,39672.8906
2017-11-30,40010.3594
2017-12-04,40049.8008
2017-12-05,39945.4102
2017-12-06,39907.3203
2017-12-07,38784.6602
2017-12-08,39080.0000
2017-12-11,38481.6992
2017-12-12,38525.1094
2017-12-13,38819.6484
2017-12-14,38223.5508
2017-12-15,38645.8984
2017-12-18,38383.9688
2017-12-19,37919.4219
2017-12-20,38208.0586
2017-12-21,38715.7695
2017-12-22,39428.2109
2017-12-26,39525.7500
2017-12-27,40146.7305
2017-12-28,40371.3086
2017-12-29,40471.4805
2018-01-02,41486.8711
2018-01-03,41544.2695
2018-01-04,41908.7109
2018-01-05,42523.9883
2018-01-08,43112.1211
2018-01-09,42814.3398
2018-01-10,43630.7383
2018-01-11,43395.2812
2018-01-12,42933.7188
2018-01-16,42939.6797
2018-01-17,43358.9688
2018-01-18,43580.8789
2018-01-19,44178.8281
2018-01-22,44897.6914
2018-01-23,44907.1992
2018-01-24,45063.2109
2018-01-25,44816.7109
2018-01-26,44551.1289
2018-01-29,44457.3008
2018-01-30,44233.1094
2018-01-31,44049.0508
2018-02-01,44255.4805
2018-02-02,44301.1992
2018-02-06,43885.5117
2018-02-07,44096.4883
2018-02-08,43679.8711
2018-02-09,43808.8008
2018-02-12,43515.0781
2018-02-13,43690.3594
2018-02-14,43353.0391
2018-02-15,42942.3516
2018-02-16,43627.1016
2018-02-20,43294.9492
2018-02-21,42919.7812
2018-02-22,43528.5117
2018-02-23,43267.1992
2018-02-26,42911.0195
2018-02-27,42994.9609
2018-02-28,43239.4414
2018-03-01,43510.3906
2018-03-02,43740.4883
2018-03-05,43829.0703
2018-03-06,43705.1016
2018-03-07,43441.1797
2018-03-08,43072.7383
2018-03-09,43011.2617
2018-03-12,43410.9297
2018-03-13,43618.0703
2018-03-14,43407.7188
2018-03-15,43495.0703
2018-03-16,43363.2109
2018-03-19,43539.6016
2018-03-20,44309.7383
2018-03-21,44645.9492
2018-03-22,45030.2188
2018-03-26,45083.5703
2018-03-27,45004.1914
2018-03-28,45172.9883
2018-03-29,45489.6211
2018-04-02,45741.4297
2018-04-03,46013.3398
2018-04-04,46103.6094
2018-04-05,46560.8203
2018-04-06,46637.6211
2018-04-09,46580.6211
2018-04-10,46476.7305
2018-04-11,46486.4883
2018-04-12,46331.7109
2018-04-13,46071.8594
2018-04-16,45682.2383
2018-04-17,45801.7305
2018-04-18,45478.6289
2018-04-19,45387.7695
2018-04-20,45259.3398
2018-04-23,45371.9492
2018-04-24,45876.6992
2018-04-25,45718.3398
2018-04-26,45460.8711
2018-04-27,45542.7812
2018-04-30,45488.8594
2018-05-02,45196.3711
2018-05-03,44746.6289
2018-05-04,44536.9102
2018-05-07,44378.5195
2018-05-08,44066.9609
2018-05-09,43795.0000
2018-05-10,43855.7812
2018-05-11,43594.7891
2018-05-14,42498.8594
2018-05-15,42459.5312
2018-05-16,42301.1992
2018-05-17,41869.6484
2018-05-18,41623.5195
2018-05-21,41648.6484
2018-05-22,42744.8203
2018-05-23,42772.2500
2018-05-24,42536.1602
2018-05-25,42074.0898
2018-05-29,42622.7383
2018-05-30,42546.4805
2018-05-31,42846.6406
2018-06-01,42912.8086
2018-06-04,43268.2891
2018-06-05,43702.5781
2018-06-06,44144.1992
2018-06-07,43948.1094
2018-06-11,43931.1602
2018-06-12,43228.8984
2018-06-13,43507.5000
2018-06-14,43680.6797
2018-06-19,43682.8398
2018-06-20,43002.8281
2018-06-21,42358.6094
2018-06-22,41637.3789
2018-06-25,40978.2305
2018-06-26,41246.0898
2018-06-27,41717.9883
2018-06-28,41997.8516
2018-06-29,41910.8984
2018-07-02,41734.0508
2018-07-03,41564.4219
2018-07-05,40238.8086
2018-07-06,40284.1406
2018-07-09,39288.4805
2018-07-10,39452.8086
2018-07-11,39586.7617
2018-07-12,39875.1211
2018-07-13,40271.0000
2018-07-16,39665.7695
2018-07-17,39932.9805
2018-07-18,40897.8984
2018-07-19,41795.5898
2018-07-20,41221.7500
2018-07-23,40463.9805
2018-07-24,41339.2188
2018-07-26,42089.1602
2018-07-27,42786.4492
2018-07-30,43556.6289
2018-07-31,42712.4297
2018-08-01,42810.0391
2018-08-02,42330.3203
2018-08-03,42505.0508
2018-08-06,42808.6602
2018-08-07,42760.1289
2018-08-08,42731.8594
2018-08-09,42923.9492
2018-08-10,42842.1797
2018-08-13,42637.5781
2018-08-15,42446.5586
2018-08-16,41960.8008
2018-08-17,42446.6211
2018-08-20,42425.1016
2018-08-24,42588.2891
2018-08-27,42745.7812
2018-08-28,42544.4688
2018-08-29,42249.4414
2018-08-30,41863.5195
2018-08-31,41742.2383
2018-09-04,41753.8906
2018-09-05,41620.9609
2018-09-06,41266.3906
2018-09-07,40854.7695
2018-09-10,40684.0508
2018-09-11,40759.5312
2018-09-12,40522.0391
2018-09-13,41049.9102
2018-09-14,40920.3086
2018-09-17,40520.4688
2018-09-18,41238.0703
2018-09-19,41320.1289
2018-09-24,41004.5508
2018-09-25,41036.3008
2018-09-26,40909.9102
2018-09-27,40851.8008
2018-09-28,40998.5898
2018-10-01,40929.4414
2018-10-02,40800.2500
2018-10-03,40560.1914
2018-10-04,40087.1211
2018-10-05,39226.3516
2018-10-08,37898.2891
2018-10-09,38504.8398
2018-10-10,38792.0898
2018-10-11,38398.3008
2018-10-12,37517.9297
2018-10-15,36767.5703
2018-10-16,36663.3789
2018-10-17,37647.3398
2018-10-18,37982.2500
2018-10-19,38430.2695
2018-10-22,38345.4219
2018-10-23,37714.8984
2018-10-24,39271.1211
2018-10-25,39631.9102
2018-10-26,40556.4492
2018-10-29,41453.7617
2018-10-30,41609.0312
2018-10-31,41649.3594
2018-11-01,41716.1016
2018-11-02,42004.0898
2018-11-05,41493.9609
2018-11-06,40958.5312
2018-11-07,41543.9805
2018-11-08,41367.3789
2018-11-09,41388.8789
2018-11-12,41096.3281
2018-11-13,41152.2812
2018-11-14,40994.0508
2018-11-15,41428.6289
2018-11-16,41660.7500
2018-11-19,41352.7695
2018-11-20,41419.2383
2018-11-23,40869.2812
2018-11-26,40771.5508
2018-11-27,40894.2188
2018-11-28,40704.8008
2018-11-29,40638.8281
2018-11-30,40496.0312
2018-12-03,39160.6016
2018-12-04,39602.8711
2018-12-06,38300.6211
2018-12-07,38562.0508
2018-12-10,39299.6211
2018-12-11,38851.9609
2018-12-12,38307.4414
2018-12-13,38011.6289
2018-12-14,38585.6602
2018-12-17,38309.1719
2018-12-18,38115.8086
2018-12-19,38063.1484
2018-12-20,38236.5195
2018-12-21,38251.0391
2018-12-24,38308.9219
2018-12-26,38218.0703
2018-12-27,37853.5703
2018-12-28,37167.0195
2018-12-31,37066.6719
2019-01-02,37795.2500
2019-01-03,37542.0117
2019-01-04,37547.4883
2019-01-07,38562.3984
2019-01-08,39052.5000
2019-01-09,38921.6914
2019-01-10,39090.2812
2019-01-11,39049.0781
2019-01-14,39412.5508
2019-01-15,39614.1719
2019-01-16,39271.9414
2019-01-17,39243.8906
2019-01-18,39306.5000
2019-01-22,39902.2109
2019-01-23,40057.8516
2019-01-24,40289.1602
2019-01-25,40264.7812
2019-01-28,40420.0898
2019-01-29,40624.3906
2019-01-30,40607.1211
2019-01-31,40799.5195
2019-02-01,41112.7109
2019-02-04,41614.3906
2019-02-06,41505.6797
2019-02-07,41332.7500
2019-02-08,40887.3516
2019-02-11,40326.5312
2019-02-12,40596.2812
2019-02-13,40544.1094
2019-02-14,40506.9805
2019-02-15,40486.6719
2019-02-19,39957.0703
2019-02-20,40279.3789
2019-02-21,40070.7109
2019-02-22,40016.1289
2019-02-25,39606.7891
2019-02-26,38821.6719
2019-02-27,38692.6914
2019-02-28,39054.6016
2019-03-01,39539.0117
2019-03-04,39749.7383
2019-03-05,39688.5117
2019-03-06,39568.1016
2019-03-07,39294.1016
2019-03-08,38950.2305
2019-03-11,38924.1094
2019-03-12,38896.4883
2019-03-13,38928.9297
2019-03-14,38808.6094
2019-03-15,38306.9492
2019-03-18,38851.9492
2019-03-19,38612.3711
2019-03-20,38547.7617
2019-03-21,38384.7109
2019-03-22,38531.8711
2019-03-25,38128.6602
2019-03-26,38329.1289
2019-03-27,38965.0117
2019-03-28,38552.9492
2019-03-29,38649.3398
2019-04-01,38354.8516
2019-04-02,38036.0312
2019-04-03,38022.8008
2019-04-04,37516.1094
2019-04-05,37521.8086
2019-04-08,36921.9102
2019-04-09,37129.9688
2019-04-10,36579.3203
2019-04-11,36787.6406
2019-04-12,37337.8711
2019-04-15,37504.0781
2019-04-16,37381.9492
2019-04-17,36752.5703
2019-04-18,36811.8594
2019-04-22,36901.6914
2019-04-23,36404.0312
2019-04-24,36504.2500
2019-04-25,36796.0312
2019-04-26,37130.6289
2019-04-29,37026.2695
2019-04-30,36784.4414
2019-05-02,36547.6289
2019-05-03,36122.9492
2019-05-06,35605.4219
2019-05-07,35631.0586
2019-05-08,35035.0312
2019-05-09,34887.6406
2019-05-10,34716.5312
2019-05-13,33900.3789
2019-05-14,33885.0898
2019-05-15,34291.6484
2019-05-16,33971.1211
2019-05-17,33166.6211
2019-05-20,33250.5391
2019-05-21,33442.1016
2019-05-22,34637.1406
2019-05-23,35581.3398
2019-05-24,35703.8086
2019-05-28,34949.2812
2019-05-29,35959.4297
2019-05-30,35974.7891
2019-06-03,35505.2891
2019-06-10,34567.5508
2019-06-11,34659.8516
2019-06-12,34937.9297
2019-06-13,35403.0703
2019-06-14,35572.9492
2019-06-17,35168.8203
2019-06-18,34681.7188
2019-06-19,34656.1211
2019-06-20,34995.9102
2019-06-21,35125.2500
2019-06-24,34471.9492
2019-06-25,34190.6211
2019-06-26,34088.5586
2019-06-27,33774.4219
2019-06-28,33901.5781
2019-07-01,33996.3281
2019-07-02,34307.1094
2019-07-03,34896.5508
2019-07-05,34190.0195
2019-07-08,33742.6797
2019-07-09,33855.5781
2019-07-10,33840.0508
2019-07-11,33875.3984
2019-07-12,33672.4883
2019-07-15,32958.3516
2019-07-16,32972.0195
2019-07-17,32981.9883
2019-07-18,32309.5391
2019-07-19,32458.7695
2019-07-22,32584.5508
2019-07-23,32715.8809
2019-07-24,32401.4004
2019-07-25,32446.4004
2019-07-26,32103.2695
2019-07-29,31734.2305
2019-07-30,31658.1191
2019-07-31,31938.4805
2019-08-01,31839.1094
2019-08-02,31666.4102
2019-08-05,31180.8008
2019-08-06,31000.6699
2019-08-07,30277.4492
2019-08-08,29737.9805
2019-08-09,29429.0703
2019-08-16,28764.6309
2019-08-19,29562.4199
2019-08-20,30419.2207
2019-08-21,30972.7500
2019-08-22,31884.4492
2019-08-23,31350.0098
2019-08-26,30520.5996
2019-08-27,30584.8496
2019-08-28,30637.7109
2019-08-29,30158.9609
2019-08-30,29672.1191
2019-09-03,29809.6797
2019-09-04,30244.7305
2019-09-05,30214.7695
2019-09-06,30467.1992
2019-09-11,30954.8301
2019-09-12,31546.6094
2019-09-13,31481.3105
2019-09-16,31928.5508
2019-09-17,31908.9199
2019-09-18,31555.4707
2019-09-19,32184.0293
2019-09-20,32111.0996
2019-09-23,31751.2109
2019-09-24,31829.2402
2019-09-25,31565.2109
2019-09-26,31433.8906
2019-09-27,32070.8105
2019-09-30,32078.8496
2019-10-01,32254.3203
2019-10-02,32363.3496
2019-10-03,32752.2500
2019-10-04,33033.3203
2019-10-07,33636.8203
2019-10-08,33476.6211
2019-10-09,33523.7383
2019-10-10,34027.6992
2019-10-11,34475.6914
2019-10-14,34186.2617
2019-10-15,34083.5312
2019-10-16,34281.0898
2019-10-17,33898.5586
2019-10-18,33870.1484
2019-10-21,33084.7305
2019-10-22,33198.9609
2019-10-23,33439.6914
2019-10-24,33762.4805
2019-10-25,33657.4609
2019-10-28,33861.5898
2019-10-29,33797.5117
2019-10-30,33761.4102
2019-10-31,34203.6797
2019-11-01,34377.6094
2019-11-04,35277.4609
2019-11-05,35358.3086
2019-11-06,35653.3281
2019-11-07,35758.5195
2019-11-08,35978.1602
2019-11-11,36803.1016
2019-11-12,36765.5586
2019-11-13,37166.9609
2019-11-14,37243.1992
2019-11-15,37583.8906
2019-11-18,38411.5586
2019-11-19,38564.3711
2019-11-20,38037.6797
2019-11-21,37101.3086
2019-11-22,37925.7891
2019-11-25,38212.2812
2019-11-26,37795.0508
2019-11-27,38122.7188
2019-11-29,39287.6484
2019-12-02,40124.2188
2019-12-03,39788.7305
2019-12-04,40270.5195
2019-12-06,40732.2500
2019-12-09,40442.8008
2019-12-10,40664.6016
2019-12-11,40531.4219
2019-12-12,40514.1719
2019-12-13,40916.5898
2019-12-16,41644.8789
2019-12-17,41768.6602
2019-12-18,41603.7109
2019-12-19,40655.3711
2019-12-20,40832.9883
2019-12-23,40008.2891
2019-12-24,40328.3203
2019-12-26,41127.7891
2019-12-27,40848.5312
2019-12-30,40887.6211
2019-12-31,40735.0781
2020-01-02,42480.7617
2020-01-03,42323.3008
2020-01-06,41296.2383
2020-01-07,41904.4688
2020-01-08,41357.5586
2020-01-09,42523.0703
2020-01-10,43207.0508
2020-01-13,43218.6719
2020-01-14,43207.0391
2020-01-15,42993.0312
2020-01-16,43065.1016
2020-01-17,43167.7695
2020-01-21,42626.4805
2020-01-22,42561.2695
2020-01-23,42506.9492
2020-01-24,42633.0312
2020-01-27,42539.2305
2020-01-28,42299.1914
2020-01-29,41898.6992
2020-01-30,41903.5117
2020-01-31,41630.9414
2020-02-03,40409.3789
2020-02-04,40884.2500
2020-02-06,40724.4102
2020-02-07,40143.6289
2020-02-10,39296.6992
2020-02-11,39714.4609
2020-02-12,40531.1289
2020-02-13,40455.4414
2020-02-14,40243.2617
2020-02-18,40175.3516
2020-02-19,40574.5195
2020-02-20,40481.6484
2020-02-21,40249.2188
2020-02-24,39143.7305
2020-02-25,38858.4492
2020-02-26,38338.3281
2020-02-27,38087.3203
2020-02-28,37983.6211
2020-03-02,39296.3008
2020-03-03,39199.6797
2020-03-04,38906.3984
2020-03-05,39382.1094
2020-03-06,38219.6719
2020-03-09,37058.9492
2020-03-10,37695.7500
2020-03-11,37673.2500
2020-03-12,35956.6914
2020-03-13,36060.8789
2020-03-16,33684.9102
2020-03-17,32616.9297
2020-03-18,30416.0508
2020-03-19,30129.8301
2020-03-20,30667.4102
2020-03-24,28564.8301
2020-03-25,27228.8008
2020-03-26,27267.1992
2020-03-27,28109.5703
2020-03-30,28023.3906
2020-03-31,29231.6309
2020-04-01,29505.5703
2020-04-02,30782.6602
2020-04-03,31621.7891
2020-04-06,30579.1504
2020-04-07,31231.5508
2020-04-08,30971.2695
2020-04-09,31837.3008
2020-04-13,31032.9902
2020-04-14,31222.7402
2020-04-15,31242.1895
2020-04-16,31329.4609
2020-04-17,32831.8281
2020-04-20,33499.6484
2020-04-21,32422.8301
2020-04-22,32464.2305
2020-04-23,32850.8281
2020-04-24,32806.3789
2020-04-27,32314.5703
2020-04-28,32553.3906
2020-04-29,33158.8398
2020-04-30,34111.6406
2020-05-04,33916.6406
2020-05-05,33992.7500
2020-05-06,33728.1797
2020-05-07,33304.1602
2020-05-08,33267.6914
2020-05-11,33283.7891
2020-05-12,33603.0195
2020-05-13,33693.0391
2020-05-14,33804.8984
2020-05-15,34008.3281
2020-05-18,33804.9688
2020-05-19,34158.5508
2020-05-20,33932.8086
2020-05-21,33836.6094
2020-05-28,33695.4219
2020-05-29,33931.2305
2020-06-01,34021.9688
2020-06-02,34408.0508
2020-06-03,34401.4219
2020-06-04,34119.3906
2020-06-05,34350.4219
2020-06-08,34749.5703
2020-06-09,34803.6016
2020-06-10,35065.0781
2020-06-11,35128.5781
2020-06-12,34609.0898
2020-06-15,33824.5117
2020-06-16,34019.1211
2020-06-17,33848.6797
2020-06-18,33539.8516
2020-06-19,33438.9414
2020-06-22,33737.9219
2020-06-23,34052.6094
2020-06-24,34034.6484
2020-06-25,33709.6289
2020-06-26,33939.4883
2020-06-29,34181.8008
2020-06-30,34421.9219
2020-07-01,34889.4102
2020-07-02,34978.1797
2020-07-06,35202.7695
2020-07-07,35373.3516
2020-07-08,35694.8906
2020-07-09,36142.1719
2020-07-10,36190.3984
2020-07-13,36618.5703
2020-07-14,36745.2188
2020-07-15,36679.0312
2020-07-16,37001.4414
2020-07-17,37330.8516
2020-07-20,37650.5703
2020-07-21,37700.3086
2020-07-22,37804.6094
2020-07-23,37578.2109
2020-07-24,37607.6211
2020-07-27,38221.1602
2020-07-28,38627.2695
2020-07-29,38836.2695
2020-07-30,39258.4414
2020-08-03,39871.6094
2020-08-04,39577.6211
2020-08-05,39882.7812
2020-08-06,40166.1211
2020-08-07,40029.6914
2020-08-10,39914.7617
2020-08-11,40559.1484
2020-08-12,40473.1797
2020-08-13,40290.7383
2020-08-17,40122.5000
2020-08-18,40184.0117
2020-08-19,40154.1094
2020-08-20,39868.5508
2020-08-21,39621.5898
2020-08-24,39802.6016
2020-08-25,40292.8203
2020-08-26,40862.5898
2020-08-27,41081.9414
2020-08-28,41056.2188
2020-08-31,41110.9297
2020-09-01,41377.2617
2020-09-02,41834.8516
2020-09-03,42188.1094
2020-09-04,42023.0000
2020-09-08,41985.1914
2020-09-09,42022.2500
2020-09-10,42647.3516
2020-09-11,42530.6719
2020-09-14,42531.3086
2020-09-15,42346.4219
2020-09-16,42282.2812
2020-09-17,42334.7617
2020-09-18,42504.7617
2020-09-21,42174.1289
2020-09-22,41828.9102
2020-09-23,41876.2617
2020-09-24,41806.3711
2020-09-25,41701.2305
2020-09-28,40740.9492
2020-09-29,41204.3594
2020-09-30,40571.4805
2020-10-01,40676.9219
2020-10-02,40070.8281
2020-10-05,39072.4688
2020-10-06,39127.4805
2020-10-07,39849.9609
2020-10-08,40353.6211
2020-10-09,40798.4297
2020-10-12,40209.8203
2020-10-13,40006.6719
2020-10-14,40144.2891
2020-10-15,40068.4883
2020-10-16,40164.0195
2020-10-19,40340.1719
2020-10-20,40956.5781
2020-10-21,41535.9219
2020-10-22,41199.0195
2020-10-23,41266.0000
2020-10-26,41850.4688
2020-10-27,41381.8281
2020-10-28,41186.8594
2020-10-29,39888.0000
2020-11-02,39112.1797
2020-11-03,40480.8789
2020-11-04,40281.9609
2020-11-05,41071.3008
2020-11-06,40731.6094
2020-11-09,40784.0391
2020-11-10,41153.0508
2020-11-11,41197.3203
2020-11-12,40564.5508
2020-11-13,40569.3516
2020-11-16,40504.7500
2020-11-17,40652.6719
2020-11-18,40514.6719
2020-11-19,40540.6992
2020-11-20,40187.1797
2020-11-23,39632.5195
2020-11-24,39863.3594
2020-11-25,40377.5312
2020-11-27,40807.0898
2020-11-30,41068.8203
2020-12-01,41665.2695
2020-12-02,42027.3789
2020-12-03,42047.7188
2020-12-04,42207.0000
2020-12-07,42115.3086
2020-12-08,42101.7812
2020-12-09,42204.0312
2020-12-10,42305.8398
2020-12-11,42470.3906
2020-12-14,43266.2188
2020-12-15,43250.8398
2020-12-16,43360.1914
2020-12-17,43766.6914
2020-12-18,43740.5508
2020-12-21,43333.7617
2020-12-23,43087.6992
2020-12-24,43416.7695
2020-12-28,43674.2812
2020-12-29,43255.5508
2020-12-30,43694.7617
2020-12-31,43755.3789
2021-01-04,44686.4609
2021-01-05,44650.4297
2021-01-06,45153.4219
2021-01-07,45344.5391
2021-01-08,45654.3398
2021-01-11,45605.4219
2021-01-12,45922.0391
2021-01-13,46091.9609
2021-01-14,45989.3516
2021-01-15,45931.0000
2021-01-19,45903.2305
2021-01-20,45676.9414
2021-01-21,45984.4609
2021-01-22,45868.0391
2021-01-25,46087.6406
2021-01-26,46287.3789
2021-01-27,46458.1289
2021-01-28,46166.0508
2021-01-29,46385.5391
2021-02-01,46248.4492
2021-02-02,46580.3398
2021-02-03,46933.6289
2021-02-04,46905.7891
2021-02-08,46721.8711
2021-02-09,46674.7695
2021-02-10,46644.2891
2021-02-11,46055.5195
2021-02-12,45808.3594
2021-02-15,46375.5900
2021-02-16,46867.9492
2021-02-17,46768.1406
2021-02-18,46142.7383
2021-02-19,46227.6484
2021-02-22,45890.0391
2021-02-23,45728.7500
2021-02-24,45362.5781
2021-02-25,45965.6211
2021-02-26,45865.0195
2021-03-01,45593.4297
2021-03-02,45964.2695
2021-03-03,46160.7812
2021-03-04,45278.5312
2021-03-05,45837.3516
2021-03-08,45051.0508
2021-03-09,44222.9102
2021-03-10,43691.6797
2021-03-11,42779.7617
2021-03-12,43788.0800
2021-03-15,44766.5898
2021-03-16,44857.0586
2021-03-17,45450.3086
2021-03-18,44724.0898
2021-03-19,44901.3086
2021-03-22,45407.3281
2021-03-24,45544.1914
2021-03-25,45726.1602
2021-03-26,45521.6289
2021-03-29,44431.8008
2021-03-30,44491.0312
2021-03-31,44587.8516
2021-04-01,44428.1016
2021-04-02,44300.9500
2021-04-05,43548.2109
2021-04-06,44404.6992
2021-04-07,43953.5781
2021-04-08,44741.3594
2021-04-09,45186.4805
2021-04-12,44978.0508
2021-04-13,45048.5703
2021-04-14,45311.2188
2021-04-15,45230.1797
2021-04-16,45305.6289
2021-04-19,44913.5703
2021-04-20,45399.7812
2021-04-21,45306.5391
2021-04-22,44929.6094
2021-04-23,44706.7617
2021-04-26,45682.7695
2021-04-27,45292.8711
2021-04-28,45059.1211
2021-04-29,44863.1094
2021-04-30,44262.3516
2021-05-03,44076.1992
2021-05-04,44563.5898
2021-05-05,44943.6094
2021-05-06,45174.6719
2021-05-17,45796.3086
2021-05-18,45981.8203
2021-05-19,45682.1094
2021-05-20,45574.0703
2021-05-21,45914.9805
2021-05-24,46097.1094
2021-05-25,46300.6602
2021-05-26,46812.3086
2021-05-27,46790.7500
2021-05-28,47126.2891
2021-05-31,47896.3400
2021-06-01,48191.2617
2021-06-02,48126.8984
2021-06-03,48093.5312
2021-06-04,48211.6992
2021-06-07,48302.6602
2021-06-08,48147.9805
2021-06-09,47777.6211
2021-06-10,48251.4883
2021-06-11,48304.7188
2021-06-14,48726.0781
2021-06-15,48632.5586
2021-06-16,48480.8984
2021-06-17,48131.2500
2021-06-18,48238.6719
2021-06-21,48012.5195
2021-06-22,47987.1406
2021-06-23,47900.6992
2021-06-24,47962.5391
2021-06-25,47603.3594
2021-06-28,47002.3516
2021-06-29,47137.7695
2021-06-30,47356.0195
2021-07-01,47800.5703
2021-07-02,47686.1797
2021-07-05,47429.1200
2021-07-06,47346.1602
2021-07-07,47247.9219
2021-07-08,48053.1719
2021-07-09,47563.4492
2021-07-12,47447.0781
2021-07-13,47480.4883
2021-07-14,47491.4688
2021-07-15,47628.2617
2021-07-16,47834.3281
2021-07-19,47873.2617
2021-07-23,47793.0703
2021-07-26,47672.6797
2021-07-27,47686.9883
2021-07-28,47318.0312
2021-07-29,47312.3281
2021-07-30,47055.2891
2021-08-02,47453.2500
2021-08-03,47758.3203
2021-08-04,47789.8789
2021-08-05,47640.8789
2021-08-06,47489.9492
2021-08-09,47123.6211
2021-08-10,47135.4805
2021-08-11,47377.3789
2021-08-12,47270.7617
2021-08-13,47169.8398
2021-08-16,46912.7891
2021-08-17,47258.4492
2021-08-20,47599.8203
2021-08-23,48112.2109
2021-08-24,47828.7109
2021-08-25,47635.8984
2021-08-26,47363.2695
2021-08-27,47136.5312
2021-08-30,47365.6992
2021-08-31,47419.7383
2021-09-01,47413.4609
2021-09-02,46903.0586
2021-09-03,46957.4688
2021-09-06,46918.5200
2021-09-07,46729.9600
2021-09-08,46396.7100
2021-09-09,46625.1200
2021-09-10,47198.2900
2021-09-13,47270.4600
2021-09-14,46891.3400
2021-09-15,46716.7200
2021-09-16,46920.4600
2021-09-17,46636.0800
2021-09-20,46528.2100
2021-09-21,46008.8500
2021-09-22,45597.2400
2021-09-23,45296.8800
2021-09-24,45073.5200
2021-09-27,44817.7600
2021-09-28,45274.9300
2021-09-29,44366.7400
2021-09-30,44899.6016
2021-10-01,44871.7000
2021-10-04,45044.5000
2021-10-05,44666.5700
2021-10-06,44373.2300
2021-10-07,44586.0400
2021-10-08,44477.2300
2021-10-11,43829.3500
2021-10-12,43883.0800
2021-10-13,43221.7800
2021-10-14,44333.6800
2021-10-15,44821.5300
2021-10-18,44629.4500
2021-10-20,45499.4600
2021-10-21,45821.4000
2021-10-22,45578.3600
2021-10-25,45419.1700
2021-10-26,45227.7900
2021-10-27,45791.9100
2021-10-28,45946.0800
2021-10-29,46184.7100
2021-11-01,46974.7800
2021-11-02,47112.9200
2021-11-03,47032.4400
2021-11-04,47219.1800
2021-11-05,47295.8000
2021-11-08,47115.0400
2021-11-09,46399.9100
2021-11-10,46629.8800
2021-11-11,46348.1800
2021-11-12,45749.1500
2021-11-15,45736.2600
2021-11-16,46542.9100
2021-11-17,46194.4200
2021-11-18,46110.5000
2021-11-19,46489.4100
2021-11-22,45745.0000
2021-11-23,44948.5200
2021-11-24,44363.7000
2021-11-25,43935.7500
2021-11-26,44114.1600
2021-11-29,45330.0500
2021-11-30,45072.3800
2021-12-01,45369.1400
2021-12-02,43234.1500
2021-12-03,43232.8300
2021-12-06,43280.7700
2021-12-07,43853.4900
2021-12-08,43846.8700
2021-12-09,43518.8400
2021-12-10,43395.7800
2021-12-13,42876.3700
2021-12-14,43246.7100
2021-12-15,44366.8600
2021-12-16,43731.2000
2021-12-17,43900.6800
2021-12-20,44339.9500
2021-12-21,44177.0700
2021-12-22,44174.9700
2021-12-23,44266.9000
2021-12-24,44118.3900
2021-12-27,43913.4400
2021-12-28,44043.7400
2021-12-29,44260.1100
2021-12-30,44416.2000
2021-12-31,44596.0700
2022-01-03,44886.8900
2022-01-04,45390.8400
2022-01-05,45407.8900
2022-01-06,45082.3000
2022-01-07,45345.6500
2022-01-10,45887.6300
2022-01-11,45881.1300
2022-01-12,45916.2500
2022-01-13,45763.2000
2022-01-14,45763.4500
2022-01-17,45612.2000
2022-01-18,45507.4100
2022-01-19,44833.4300
2022-01-20,44825.9700
2022-01-21,45018.2800
2022-01-24,44923.9100
2022-01-25,44887.7700
2022-01-26,44955.0500
2022-01-27,45083.0400
2022-01-28,45077.9100
2022-01-31,45374.6800
2022-02-01,45674.5000
2022-02-02,46119.1500
2022-02-03,45862.9300
2022-02-04,45909.6500
2022-02-07,45841.2500
2022-02-08,45947.9500
2022-02-09,46339.7600
2022-02-10,45940.0400
2022-02-11,46079.3700
2022-02-14,45644.0900
2022-02-15,45731.7000
2022-02-16,45684.8000
2022-02-17,45441.1000
2022-02-18,45675.8700
2022-02-21,45362.8500
2022-02-22,45012.1800
2022-02-23,45132.9200
2022-02-24,43830.5100
2022-02-25,43984.2400
2022-02-28,44461.0100
2022-03-01,44803.5800
2022-03-02,44514.1200
2022-03-03,44525.7200
2022-03-04,44551.3500
2022-03-07,43266.9700
2022-03-08,42878.3500
2022-03-09,43042.9600
2022-03-10,43853.6200
2022-03-11,43653.3300
2022-03-14,43366.8900
2022-03-15,43719.8200
2022-03-16,43975.6900
2022-03-17,43807.2300
2022-03-18,43029.9700
2022-03-21,43230.2200
2022-03-22,43203.7900
2022-03-24,43522.5500
2022-03-25,43551.1400
2022-03-28,43933.5600
2022-03-29,44438.7000
2022-03-30,44337.5600
2022-03-31,44928.8300
2022-04-01,45152.1100
2022-04-04,43902.0400
2022-04-05,43928.0800
2022-04-06,44111.1000
2022-04-07,43786.8300
2022-04-08,44444.5800
2022-04-11,46144.9600
2022-04-12,46407.2600
2022-04-13,46165.5000
2022-04-14,46484.4300
2022-04-15,46601.5400
2022-04-18,46539.5900
2022-04-19,46333.3600
2022-04-20,45943.1600
2022-04-21,45652.6200
2022-04-22,45553.0200
2022-04-25,46073.2500
2022-04-26,45817.6700
2022-04-27,45533.3000
2022-04-28,45249.4100
2022-05-06,44840.8100
2022-05-09,43393.1400
2022-05-10,43504.3600
2022-05-11,42863.1500
2022-05-12,42898.4400
2022-05-13,43486.4600
2022-05-16,42667.3200
2022-05-17,42726.0600
2022-05-18,43026.8800
2022-05-19,42983.4500
2022-05-20,43100.7000
2022-05-23,42440.2500
2022-05-24,41950.3200
2022-05-25,42012.6600
2022-05-26,42541.7100
2022-05-27,42861.4500
2022-05-30,43040.1400
2022-05-31,43078.1400
2022-06-01,42756.0400
2022-06-02,42237.9100
2022-06-03,41314.8700
2022-06-06,41577.2100
2022-06-07,41568.4100
2022-06-08,41553.1600
2022-06-09,41735.9600
2022-06-10,42014.7300
2022-06-13,40879.9300
2022-06-14,41054.6800
2022-06-15,41438.7900
2022-06-16,41730.1600
2022-06-17,42140.7600
2022-06-20,41776.9800
2022-06-21,42525.9500
2022-06-22,42458.1400
2022-06-23,42716.9700
2022-06-24,41051.7900
2022-06-27,41878.5700
2022-06-28,41765.6200
2022-06-29,41297.7300
2022-06-30,41540.8300
2022-07-01,41630.3500
2022-07-04,41348.1900
2022-07-05,41102.5700
2022-07-06,41159.7900
2022-07-07,41344.0100
2022-07-13,41862.7600
2022-07-14,42348.9100
2022-07-15,42074.9100
2022-07-18,41367.1100
2022-07-19,40389.0700
2022-07-20,40459.6900
2022-07-21,39831.7500
2022-07-22,40077.3000
2022-07-25,39844.0100
2022-07-26,39894.0500
2022-07-27,39972.6400
2022-07-28,40276.6400
2022-07-29,40150.3600
2022-08-01,40075.9600
2022-08-02,40191.6100
2022-08-03,41068.8700
2022-08-04,41425.3700
2022-08-05,42096.2400
2022-08-10,42494.8500
2022-08-11,42243.3300
2022-08-12,42857.5700
2022-08-15,43621.8200
2022-08-16,43436.4800
2022-08-17,43676.5600
2022-08-18,43481.5000
2022-08-19,43270.6500
2022-08-22,42826.6600
2022-08-23,43366.7800
2022-08-24,43337.9700
2022-08-25,43032.5700
2022-08-26,42591.5100
2022-08-29,42504.3400
2022-08-30,42195.2500
2022-08-31,42351.1500
2022-09-01,42460.0800
2022-09-02,42309.1100
2022-09-05,41859.3000
2022-09-06,41860.3600
2022-09-07,41766.0500
2022-09-08,41824.7900
2022-09-09,41948.1600
2022-09-12,41862.2900
2022-09-13,42001.3400
2022-09-14,42011.8200
2022-09-15,41772.0800
2022-09-16,41679.4900
2022-09-19,41520.5800
2022-09-20,41220.9100
2022-09-21,40965.5800
2022-09-22,40927.9400
2022-09-23,40620.2100
2022-09-26,41151.5400
2022-09-27,41518.2300
2022-09-28,41435.1200
2022-09-29,41013.8600
2022-09-30,41128.6700
2022-10-03,41211.6900
2022-10-04,41350.4300
2022-10-05,41611.4200
2022-10-06,42160.5700
2022-10-07,42085.2500
2022-10-10,42211.6400
2022-10-11,42155.4800
2022-10-12,42007.1400
2022-10-13,42085.7200
2022-10-14,41948.5000
2022-10-17,41755.4400
2022-10-18,41839.2600
2022-10-19,42226.0500
2022-10-20,42137.0400
2022-10-21,42213.4800
2022-10-24,42347.2300
2022-10-25,42190.0200
2022-10-26,41540.0300
2022-10-27,41602.8500
2022-10-28,41140.3300
2022-10-31,41264.6600
2022-11-01,41808.6900
2022-11-02,41944.5900
2022-11-03,42090.7100
2022-11-04,41856.3100
2022-11-07,42047.3600
2022-11-08,42265.3600
2022-11-10,42901.2700
2022-11-11,43092.9500
2022-11-14,42850.8300
2022-11-15,42796.8500
2022-11-16,42983.7500
2022-11-17,42819.7200
2022-11-18,42730.2400
2022-11-21,42761.1900
2022-11-22,42928.6200
2022-11-23,42880.3100
2022-11-24,42903.6500
2022-11-25,42936.7300
2022-11-28,42071.3400
2022-11-29,42373.5900
2022-11-30,42348.6300
2022-12-01,42393.5200
2022-12-02,42150.1000
2022-12-05,41612.6700
2022-12-06,41539.9400
2022-12-07,41819.2900
2022-12-08,41651.6100
2022-12-09,41698.2800
2022-12-12,41540.5500
2022-12-13,41714.3000
2022-12-14,41737.6200
2022-12-15,41179.7600
2022-12-16,41301.4800
2022-12-19,40970.8200
2022-12-20,39832.4400
2022-12-21,39342.8900
2022-12-22,39838.3300
2022-12-23,39669.1900
2022-12-26,40155.1600
2022-12-27,39802.9100
2022-12-28,39279.4300
2022-12-29,39747.3500
2022-12-30,40420.4400
2023-01-02,40815.9000
2023-01-03,40630.6400
2023-01-04,40539.3000
2023-01-05,40716.7400
2023-01-06,41007.5100
2023-01-09,40504.7600
2023-01-10,40801.5000
2023-01-11,40758.1900
2023-01-12,40803.8900
2023-01-13,40323.4400
2023-01-16,39720.7500
2023-01-17,38342.2100
2023-01-18,38791.0800
2023-01-19,38831.5800
2023-01-20,38407.9800
2023-01-23,38443.5800
2023-01-24,39055.6500
2023-01-25,39784.9000
2023-01-26,40846.5300
2023-01-27,40450.5300
2023-01-30,39871.2600
2023-01-31,40673.0600
2023-02-01,40619.9400
2023-02-02,40733.5100
2023-02-03,40471.1600
2023-02-06,41190.7600
2023-02-07,41522.7600
2023-02-08,41723.3200
2023-02-09,42466.5900
2023-02-10,41741.7800
2023-02-13,41716.9400
2023-02-14,41150.1600
2023-02-15,41326.8500
2023-02-16,41078.6500
2023-02-17,41118.6100
2023-02-20,40673.6400
2023-02-21,40949.8300
2023-02-22,41167.6000
2023-02-23,40838.5100
2023-02-24,40707.7600
2023-02-27,40784.1200
2023-02-28,40510.3700
2023-03-01,40412.7600
2023-03-02,40670.8700
2023-03-03,41337.0000
2023-03-06,41434.3300
2023-03-07,41334.6900
2023-03-08,41358.9300
2023-03-09,41585.5400
2023-03-10,41793.8700
2023-03-13,41856.8500
2023-03-14,41816.4300
2023-03-15,41874.0400
2023-03-16,41694.0800
2023-03-17,41329.9400
2023-03-20,40918.4400
2023-03-21,40877.9800
2023-03-22,40376.1000
2023-03-24,39942.0500
2023-03-27,40000.3700
2023-03-28,40082.3700
2023-03-29,39879.8900
2023-03-30,39848.3500
2023-03-31,40000.8300
2023-04-03,39889.9000
2023-04-04,39687.2600
2023-04-05,39717.1500
2023-04-06,40350.8900
2023-04-07,40049.6500
2023-04-10,39835.9000
2023-04-11,39804.7100
2023-04-12,40126.0500
2023-04-13,40205.5400
2023-04-17,40246.6600
2023-04-18,40448.0500
2023-04-19,40499.3300
2023-04-20,41007.8200
2023-04-26,41099.5800
2023-04-27,41463.9100
2023-04-28,41580.8500
2023-05-02,41927.6400
2023-05-03,42087.9300
2023-05-04,42093.8000
2023-05-05,42241.9800
2023-05-08,41829.4900
2023-05-09,41373.8100
2023-05-10,41074.9400
2023-05-11,41325.6200
2023-05-12,41487.5800
2023-05-15,41718.4200
2023-05-16,42006.2400
2023-05-17,41833.6600
2023-05-18,41442.0700
2023-05-19,41599.1800
2023-05-22,41195.0600
2023-05-23,41099.3000
2023-05-24,41117.3200
2023-05-25,41029.6700
2023-05-26,40964.5400
2023-05-29,41340.0600
2023-05-30,41671.6500
2023-05-31,41330.5600
2023-06-01,41266.7700
2023-06-02,41352.9800
2023-06-05,41667.9400
2023-06-06,41923.4600
2023-06-07,42142.7100
2023-06-08,41686.4600
2023-06-09,41904.2000
2023-06-12,41782.9200
2023-06-13,41538.7200
2023-06-14,41514.4400
2023-06-15,41369.1600
2023-06-16,41301.2900
2023-06-19,40621.2100
2023-06-20,40653.0300
2023-06-21,40220.7900
2023-06-22,40152.0500
2023-06-23,40065.3200
2023-06-26,41437.1000
2023-06-27,41452.6800
2023-07-03,43899.0000
2023-07-04,43557.0100
2023-07-05,43552.8300
2023-07-06,44178.8500
2023-07-07,44207.3100
2023-07-10,44585.1200
2023-07-11,45155.7900
2023-07-12,45514.9500
2023-07-13,45266.9600
2023-07-14,45067.9800
2023-07-17,45042.6100
2023-07-18,45009.3300
2023-07-19,45095.1100
2023-07-20,45398.3100
2023-07-21,45920.7300
2023-07-24,46054.8100
2023-07-25,46417.3400
2023-07-26,46682.5200
2023-07-27,47076.9900
2023-07-31,48034.5900
2023-08-01,48230.5000
2023-08-02,48764.5500
2023-08-03,48611.1800
2023-08-04,48585.7100
2023-08-07,48386.2500
2023-08-08,47429.8200
2023-08-09,48227.6000
2023-08-10,47808.3400
2023-08-11,48424.4000
2023-08-15,48565.7500
2023-08-16,48146.4300
2023-08-17,48325.8400
2023-08-18,48218.4900
2023-08-21,47447.9500
2023-08-22,47417.9000
2023-08-23,47418.6300
2023-08-24,47750.7600
2023-08-25,47671.2100
2023-08-28,47478.6100
2023-08-29,46770.4100
2023-08-30,46244.5500
2023-08-31,45002.4100
2023-09-01,45312.6500
2023-09-04,45707.4200
2023-09-05,45491.4800
2023-09-06,45807.5700
2023-09-07,45757.2300
2023-09-08,46013.4800
2023-09-11,45865.7300
2023-09-12,45508.3900
2023-09-13,45590.9200
2023-09-14,45650.0500
2023-09-15,45753.5100
2023-09-18,45803.1900
2023-09-19,45910.4600
2023-09-20,45889.5700
2023-09-21,46202.1200
2023-09-22,46421.1500
2023-09-25,46393.6700
2023-09-26,46277.6500
2023-09-27,46365.0400
2023-09-28,46232.5900
2023-10-02,46627.0800
2023-10-03,46756.8000
2023-10-04,47079.8300
2023-10-05,47452.3800
2023-10-06,47493.5700
2023-10-09,47721.7900
2023-10-10,48140.2700
2023-10-11,48474.5400
2023-10-12,48771.7100
2023-10-13,49493.4700
2023-10-16,49731.3500
2023-10-17,49531.0100
2023-10-18,49431.4700
2023-10-19,50365.1500
2023-10-20,50731.8600
2023-10-23,51070.8200
2023-10-24,51027.9400
2023-10-25,51177.1300
2023-10-26,51185.2800
2023-10-27,50943.8300
2023-10-30,51482.9200
2023-10-31,51920.2700
2023-11-01,52342.6300
2023-11-02,52656.7600
2023-11-03,53123.0300
2023-11-06,53860.3600
2023-11-07,53735.7300
2023-11-08,54261.4200
2023-11-10,55391.3600
2023-11-13,56523.5800
2023-11-14,56665.9300
2023-11-15,56680.0600
2023-11-16,57397.0200
2023-11-17,57063.1500
2023-11-20,57077.9600
2023-11-21,57371.5800
2023-11-22,58198.7600
2023-11-23,58899.8400
2023-11-24,59086.3500
2023-11-27,59811.3400
2023-11-28,60730.2600
2023-11-29,60501.9900
2023-11-30,60531.2700
2023-12-01,61691.2500
2023-12-04,62493.0500
2023-12-05,62956.0200
2023-12-06,63917.7200
2023-12-07,64718.0700
2023-12-08,66223.6300
2023-12-11,66012.3200
2023-12-12,66426.7800
2023-12-13,65280.1600
2023-12-14,65450.1800
2023-12-15,66130.0200
2023-12-18,65204.6700
2023-12-19,62833.0300
2023-12-20,62448.0100
2023-12-21,62693.5600
2023-12-22,61705.0900
2023-12-26,59170.9700
2023-12-27,60863.6200
2023-12-28,62052.2300
2023-12-29,62451.0400
2024-01-01,64661.7800
2024-01-02,64349.6000
2024-01-03,64646.8400
2024-01-04,64639.1500
2024-01-05,64514.8900
2024-01-08,64237.0200
2024-01-09,64170.5700
2024-01-10,63919.8400
2024-01-11,64617.5600
2024-01-12,64637.6300
2024-01-15,64269.3700
2024-01-16,63737.4600
2024-01-17,63567.3300
2024-01-18,63202.4000
2024-01-19,63282.2200
2024-01-22,63939.4100
2024-01-23,64454.2200
2024-01-24,64822.4300
2024-01-25,64298.0000
2024-01-26,63813.0600
2024-01-29,62773.7200
2024-01-30,61841.7400
2024-01-31,61979.1800
2024-02-01,62393.7300
2024-02-02,63002.9100
2024-02-06,63799.0100
2024-02-07,64143.8700
2024-02-09,62943.7400
2024-02-12,61065.3100
2024-02-13,61226.9200
2024-02-14,62153.8400
2024-02-15,61020.0500
2024-02-16,59872.9600
2024-02-19,60459.7400
2024-02-20,60464.2400
2024-02-21,61559.1500
2024-02-22,61914.3400
2024-02-23,62815.8100
2024-02-26,63305.9300
2024-02-27,63219.0900
2024-02-28,63703.4400
2024-02-29,64578.5200
2024-03-01,65325.6800
2024-03-04,65951.7200
2024-03-05,65726.0400
2024-03-06,65656.6200
2024-03-07,65603.0800
2024-03-08,65793.7500
2024-03-11,65755.3000
2024-03-12,64801.7000
2024-03-13,64048.4400
2024-03-14,65064.2600
2024-03-15,64816.4600
2024-03-18,64890.5000
2024-03-19,65502.5900
2024-03-20,65731.7900
2024-03-21,65417.4000
2024-03-22,65151.8200
2024-03-25,65525.6400
2024-03-26,65906.2700
2024-03-27,66547.7800
2024-03-28,67142.1200
2024-03-29,67005.1000
2024-04-01,66796.3200
2024-04-02,66886.2600
2024-04-03,67756.0300
2024-04-04,68416.7800
2024-04-08,69619.9800
2024-04-09,70314.7100
2024-04-15,70544.5800
2024-04-16,70483.6600
2024-04-17,70333.3100
2024-04-18,70290.1100
2024-04-19,70909.9000
2024-04-22,71433.4600
2024-04-23,71359.4000
2024-04-24,72051.8900
2024-04-25,71971.4000
2024-04-26,72742.7400
2024-04-29,71695.0300
2024-04-30,71102.5400
2024-05-02,70657.6400
2024-05-03,71902.0900
2024-05-06,72764.2400
2024-05-07,72761.1900
2024-05-08,72601.8100
2024-05-09,72658.0500
2024-05-10,73085.5000
2024-05-13,73799.1100
2024-05-14,74531.1900
2024-05-15,74663.9800
2024-05-16,74930.6900
2024-05-17,75342.3400
2024-05-20,75084.0000
2024-05-21,75206.7700
2024-05-22,74956.6700
2024-05-23,75114.4700
2024-05-24,75983.0300
2024-05-27,75517.4800
2024-05-29,74836.3000
2024-05-30,74878.1200
2024-05-31,75878.4700
2024-06-03,75575.2500
2024-06-04,74666.6500
2024-06-05,74219.4300
2024-06-06,73862.9300
2024-06-07,73754.0100
2024-06-10,73252.5600
2024-06-11,72589.4900
2024-06-12,72797.4300
2024-06-13,76208.1600
2024-06-14,76706.7700
2024-06-20,78801.5300
2024-06-21,78810.4900
2024-06-24,78232.0900
2024-06-25,77940.5800
2024-06-26,78275.6400
2024-06-27,78528.2500
2024-06-28,78444.9600
2024-07-01,78824.3300
2024-07-02,79552.8800
2024-07-03,80233.6700
2024-07-04,80282.8000
2024-07-05,80212.7900
2024-07-08,80566.2000
2024-07-09,80672.0600
2024-07-10,79841.5500
2024-07-11,79992.3500
2024-07-12,79944.0900
2024-07-15,81155.6000
2024-07-18,81839.8600
2024-07-19,80117.8900
2024-07-22,78539.1800
2024-07-23,78987.0900
2024-07-24,79397.0000
2024-07-25,78469.3300
2024-07-26,78029.5000
2024-07-29,78827.7400
2024-07-30,78628.8000
2024-07-31,77886.9800
2024-08-01,77740.3000
2024-08-02,78225.9800
2024-08-05,77084.4800
2024-08-06,77191.3400
2024-08-07,77114.4900
2024-08-08,77874.2200
2024-08-09,78569.5800
2024-08-12,77980.2900
2024-08-13,77877.4100
2024-08-15,78105.9800
2024-08-16,78045.3000
2024-08-19,77830.3400
2024-08-20,77745.5200
2024-08-21,78260.8500
2024-08-22,78793.4100
2024-08-23,78801.4200
2024-08-26,78571.0500
2024-08-27,78084.2300
2024-08-28,77992.7800
2024-08-29,78349.6600
2024-08-30,78488.2100
2024-09-02,78283.2900
2024-09-03,78356.3100
2024-09-04,78848.0100
2024-09-05,78863.3400
2024-09-06,78897.7200
2024-09-09,78615.0000
2024-09-10,79286.7300
2024-09-11,78651.7900
2024-09-12,79017.6100
2024-09-13,79333.0500
2024-09-16,79491.1300
2024-09-18,80461.3300
2024-09-19,81459.2800
2024-09-20,82074.4400
2024-09-23,81850.5000
2024-09-24,81483.6400
2024-09-25,82247.9100
2024-09-26,81657.9600
2024-09-27,81292.1300
2024-09-30,81114.2000
2024-10-01,81804.5900
2024-10-02,81967.0000
2024-10-03,82721.7600
2024-10-04,83531.9500
2024-10-07,84910.2900
2024-10-08,85663.9700
2024-10-09,85669.2700
2024-10-10,85453.2200
2024-10-11,85483.4000
2024-10-14,85261.3800
2024-10-15,85840.3400
2024-10-16,86205.6600
2024-10-17,85585.4300
2024-10-18,85250.0900
2024-10-21,86057.5100
2024-10-22,86466.5700
2024-10-23,87194.5300
2024-10-24,88945.9800
2024-10-25,89993.9600
2024-10-28,90195.5100
2024-10-29,90864.0900
2024-10-30,90286.5600
2024-10-31,88966.7600
2024-11-01,90859.8500
2024-11-04,91938.0000
2024-11-05,92304.3200
2024-11-06,92021.4400
2024-11-07,92520.4800
2024-11-08,93291.6800
2024-11-11,93648.3200
2024-11-12,93224.5600
2024-11-13,93355.4200
2024-11-14,94191.8900
2024-11-15,94763.6400
2024-11-18,94995.6700
2024-11-19,95856.6600
2024-11-20,95546.4500
2024-11-21,97328.3900
2024-11-22,97798.2300
2024-11-25,98079.7800
2024-11-26,94574.1600
2024-11-27,99269.2500
2024-11-28,100082.7700
2024-11-29,101357.3200
2024-12-02,103274.9400
2024-12-03,104559.0700
2024-12-04,105104.3300
2024-12-05,108238.9600
2024-12-06,109053.9500
2024-12-09,109970.3800
2024-12-10,108896.6500
2024-12-11,110810.2100
2024-12-12,114180.5000
2024-12-13,114301.8000
2024-12-16,116169.4100
2024-12-17,114860.6800
2024-12-18,111070.2900
2024-12-19,106274.9700
2024-12-20,109513.1400
2024-12-23,113924.4100
2024-12-24,112414.8000
2024-12-26,110423.3200
2024-12-27,111351.1700
2024-12-30,115258.9900
2024-12-31,115126.9000
2025-01-01,117008.0800
2025-01-02,117119.6500
2025-01-03,117586.9800
2025-01-06,116255.1200
2025-01-07,116052.6800
2025-01-08,114148.4500
2025-01-09,112638.2600
2025-01-10,113247.2900
2025-01-13,114230.0600
2025-01-14,114804.1600
2025-01-15,114495.7000
2025-01-16,113836.7400
2025-01-17,115272.0800
2025-01-20,115844.8100
2025-01-21,115042.2500
2025-01-22,113443.4300
2025-01-23,114037.7900
2025-01-24,114880.4800
2025-01-27,113520.3200
2025-01-28,112030.3600
2025-01-29,111487.3600
2025-01-30,113206.4000
2025-01-31,114255.7200
2025-02-03,112745.0100
2025-02-04,111935.3800
2025-02-06,110301.1600
2025-02-07,110322.9300
2025-02-10,111377.9600
2025-02-11,113010.3800
2025-02-12,112924.9300
2025-02-13,112564.0700
2025-02-14,112085.2900
2025-02-17,111743.5300
2025-02-18,113088.4700
2025-02-19,113342.4300
2025-02-20,113739.1500
2025-02-21,112800.9300
2025-02-24,114330.1000
2025-02-25,114528.0800
2025-02-26,113862.3200
2025-02-27,113784.3000
2025-02-28,113251.6600
2025-03-03,111986.8800
2025-03-04,112743.7900
2025-03-05,112253.7600
2025-03-06,113713.1700
2025-03-07,114398.6900
2025-03-10,114356.3400
2025-03-11,114177.6500
2025-03-12,114084.5300
2025-03-13,115094.2300
2025-03-14,115536.1600
2025-03-17,116199.5900
2025-03-18,117001.0900
2025-03-19,117974.0200
2025-03-20,118769.7700
2025-03-21,118442.1700
2025-03-24,116439.6200
2025-03-25,116633.1600
2025-03-26,117772.3100
2025-03-27,117806.7400
2025-04-03,118938.1100
2025-04-04,118791.6600
2025-04-07,114909.4800
2025-04-08,115532.4300
2025-04-09,114153.1500
2025-04-10,116189.2100
2025-04-11,114853.3300
2025-04-14,116390.0300
2025-04-15,116775.5000
2025-04-16,116020.1000
2025-04-17,116901.1300
2025-04-18,117315.5800
2025-04-21,118383.3800
2025-04-22,118430.3500
2025-04-23,117226.1400
2025-04-24,115019.8100
2025-04-25,115469.3400
2025-04-28,114063.9000
2025-04-29,114872.1800
2025-04-30,111326.5700
2025-05-02,114113.9300
2025-05-05,114102.2300
2025-05-06,113568.5000
2025-05-07,110009.0200
2025-05-08,103526.8100
2025-05-09,107174.6300
2025-05-12,117297.7300
2025-05-13,118575.8800
2025-05-14,118536.5200
2025-05-15,119961.9100
2025-05-16,119649.1400
2025-05-19,119689.6300
2025-05-20,118971.1200
2025-05-21,119931.4500
2025-05-22,119153.0400
2025-05-23,119102.6700
2025-05-26,118221.1200
2025-05-27,118332.9000
2025-05-29,118971.4000
2025-05-30,119691.0900
2025-06-02,118877.8000
2025-06-03,120450.8700
2025-06-04,121798.8600
2025-06-05,121641.0000
2025-06-10,122024.4400
2025-06-11,124352.6800
2025-06-12,124093.1200
2025-06-13,122143.5600
2025-06-16,122225.3500
2025-06-17,121971.0400
2025-06-18,120465.9300
2025-06-19,120002.5900
2025-06-20,120023.2300
2025-06-23,116167.4700
2025-06-24,122246.6300
2025-06-25,122761.6400
2025-06-26,122046.4600
2025-06-27,124379.0600
2025-06-30,125627.3100
2025-07-01,128199.4200
2025-07-02,130344.0300
2025-07-03,130686.6500
2025-07-04,131949.0600
2025-07-07,133370.1400
2025-07-08,133403.1900
2025-07-09,132576.9800
2025-07-10,133782.3400
2025-07-11,134299.7600
2025-07-14,136502.5300
2025-07-15,135939.8700
2025-07-16,136379.9600
2025-07-17,138665.4900
2025-07-18,138597.3600
2025-07-21,138217.5800
2025-07-22,139419.6100
2025-07-23,139254.3500
2025-07-24,138692.6600
2025-07-25,139207.2800
2025-07-28,139380.0500
2025-07-29,137964.8100
2025-07-30,138412.2500
2025-07-31,139390.4200
2025-08-01,141034.9800
2025-08-04,142052.6400
2025-08-05,143037.1600
2025-08-06,145088.4900
2025-08-07,145647.1300
2025-08-08,145382.7900
2025-08-11,146929.8400
2025-08-12,147005.3200
2025-08-13,146529.3000
2025-08-15,146491.6300
2025-08-18,148196.4200
2025-08-19,149770.7400
2025-08-20,150591.0000
2025-08-21,149235.2600
2025-08-22,149493.0500
2025-08-25,148815.3000
2025-08-26,148435.0600
2025-08-27,147494.0300
2025-08-28,147343.5000
2025-08-29,148617.7700
2025-09-01,149971.1200
2025-09-02,150975.4800
2025-09-03,152201.8700
2025-09-04,152665.7200
2025-09-05,154277.1900
2025-09-08,156087.3000
2025-09-09,156563.5200
2025-09-10,157020.7900
2025-09-11,156141.2400
2025-09-12,154439.6800
2025-09-15,155384.5000
2025-09-16,156180.9400
2025-09-17,156177.8100
2025-09-18,157953.4600
2025-09-19,158037.3700
2025-09-22,157554.6600
2025-09-23,157945.0200
2025-09-24,158236.6700
2025-09-25,159280.0900
2025-09-26,162257.0000
2025-09-29,163847.6800
2025-09-30,165493.5800
2025-10-01,165640.3300
2025-10-02,168489.6200
2025-10-03,168990.0700
2025-10-06,167752.4000
2025-10-07,166173.7400
2025-10-08,165266.7400
2025-10-09,164530.8000
2025-10-10,163098.1900
2025-10-13,158443.4200
2025-10-14,165476.0200
2025-10-15,165686.3800
2025-10-16,164444.7100
2025-10-17,163806.2100
2025-10-20,166242.9000
2025-10-21,167346.8300
2025-10-22,166553.2700
2025-10-23,164590.4100
2025-10-24,163304.1300
2025-10-27,162163.8100
2025-10-28,160101.0200
2025-10-29,158465.0500
2025-10-30,156732.8700
2025-10-31,161631.7300
2025-11-03,162803.1500
2025-11-04,161281.7600
2025-11-05,159578.1900
2025-11-06,159096.7800
2025-11-07,159592.9000
2025-11-10,161538.4000
2025-11-11,157870.5000
2025-11-12,158183.9400
2025-11-13,160657.4900
2025-11-14,161935.1900
2025-11-17,161687.1800
2025-11-18,160935.1300
2025-11-19,162226.2700
2025-11-20,162936.9300
2025-11-21,162102.9200
2025-11-24,161984.0800
2025-11-25,161692.4900
2025-11-26,163188.5300
2025-11-27,165373.3100
2025-11-28,166677.6900
2025-12-01,168062.1900
2025-12-02,167642.2700
2025-12-03,166145.3400
2025-12-04,166283.5500
2025-12-05,167085.5800
2025-12-08,168303.2400
2025-12-09,169456.3800
2025-12-10,169451.8600
2025-12-11,168574.6900
2025-12-12,169864.5200
2025-12-15,170741.3400
2025-12-16,170447.2900
2025-12-17,170313.8500
2025-12-18,171960.6400
2025-12-19,171404.4800
2025-12-22,171204.1700
2025-12-23,171073.7300
2025-12-24,170830.2200
2025-12-26,172400.7300
2025-12-29,173896.3400
2025-12-30,174472.7900
2025-12-31,174054.3200
2026-01-01,176355.4900
2026-01-02,179034.9300
2026-01-05,182408.2300
2026-01-06,185062.1000
2026-01-07,186518.7100
2026-01-08,185543.0100
2026-01-09,184409.6700
2026-01-12,182384.1400
2026-01-13,183951.5000
2026-01-14,182569.8100
2026-01-15,181456.3300
2026-01-16,185098.8300
2026-01-19,187761.6900
2026-01-20,188621.7800
2026-01-21,187033.2600
2026-01-22,187688.1600
2026-01-23,189166.8200
2026-01-26,188587.6600
2026-01-27,188202.8500
2026-01-28,188380.3800
2026-01-29,182338.1200
2026-01-30,184174.4800
2026-02-02,185057.8300
2026-02-03,186900.7300
2026-02-04,187832.0800
2026-02-06,184129.5800
